CIRCUNSCRIPCION,ID_ESTADO,NOMBRE_ESTADO,ID_DISTRITO,CABECERA_DISTRITAL,ID_MUNICIPIO,MUNICIPIO,SECCION,CASILLAS,PAN,PRI,PRD,PVEM,PT,CONV,NVA_ALIANZA,PSD,PRIMERO_MEXICO,SALVEMOS_MEXICO,NUM_VOTOS_CAN_NREG,NUM_VOTOS_NULOS,TOTAL_VOTOS,LISTA_NOMINAL
3,23,QUINTANA ROO,1,PLAYA DEL CARMEN,1,BENITO JUAREZ,1,10,531.0,772.0,279.0,123.0,48.0,36.0,50.0,9.0,151.0,8.0,3.0,129.0,2139.0,7300
3,23,QUINTANA ROO,1,PLAYA DEL CARMEN,1,BENITO JUAREZ,12,18,640.0,1039.0,393.0,281.0,69.0,42.0,82.0,35.0,128.0,5.0,8.0,179.0,2901.0,12957
3,23,QUINTANA ROO,1,PLAYA DEL CARMEN,1,BENITO JUAREZ,13,3,108.0,273.0,87.0,58.0,8.0,7.0,16.0,5.0,47.0,2.0,1.0,52.0,664.0,1925
3,23,QUINTANA ROO,1,PLAYA DEL CARMEN,1,BENITO JUAREZ,14,3,107.0,218.0,83.0,53.0,20.0,4.0,16.0,3.0,28.0,1.0,0.0,39.0,572.0,2038
3,23,QUINTANA ROO,1,PLAYA DEL CARMEN,1,BENITO JUAREZ,15,3,133.0,240.0,109.0,37.0,8.0,4.0,13.0,5.0,32.0,0.0,3.0,46.0,630.0,2140
3,23,QUINTANA ROO,1,PLAYA DEL CARMEN,1,BENITO JUAREZ,16,6,288.0,412.0,173.0,76.0,21.0,16.0,42.0,13.0,40.0,2.0,2.0,69.0,1154.0,4497
3,23,QUINTANA ROO,1,PLAYA DEL CARMEN,1,BENITO JUAREZ,17,14,657.0,721.0,276.0,207.0,49.0,33.0,96.0,26.0,74.0,5.0,2.0,140.0,2286.0,9939
3,23,QUINTANA ROO,1,PLAYA DEL CARMEN,1,BENITO JUAREZ,21,2,121.0,187.0,29.0,39.0,14.0,8.0,10.0,2.0,19.0,1.0,2.0,25.0,457.0,1276
3,23,QUINTANA ROO,1,PLAYA DEL CARMEN,1,BENITO JUAREZ,171,1,14.0,11.0,3.0,3.0,0.0,0.0,1.0,0.0,0.0,0.0,0.0,0.0,32.0,112
3,23,QUINTANA ROO,1,PLAYA DEL CARMEN,1,BENITO JUAREZ,172,1,,,,,,,,,,,,,,500
3,23,QUINTANA ROO,1,PLAYA DEL CARMEN,1,BENITO JUAREZ,177,4,217.0,467.0,93.0,23.0,10.0,10.0,13.0,4.0,120.0,0.0,0.0,44.0,1001.0,2267
3,23,QUINTANA ROO,1,PLAYA DEL CARMEN,1,BENITO JUAREZ,178,2,134.0,259.0,53.0,12.0,13.0,1.0,6.0,3.0,66.0,0.0,0.0,23.0,570.0,1420
3,23,QUINTANA ROO,1,PLAYA DEL CARMEN,1,BENITO JUAREZ,179,7,662.0,1005.0,78.0,76.0,29.0,11.0,18.0,12.0,61.0,1.0,6.0,85.0,2044.0,4559
3,23,QUINTANA ROO,1,PLAYA DEL CARMEN,1,BENITO JUAREZ,180,2,89.0,217.0,26.0,22.0,8.0,2.0,3.0,4.0,11.0,0.0,1.0,34.0,417.0,926
3,23,QUINTANA ROO,1,PLAYA DEL CARMEN,1,BENITO JUAREZ,181,6,275.0,358.0,138.0,106.0,17.0,15.0,28.0,11.0,44.0,0.0,1.0,66.0,1059.0,4140
3,23,QUINTANA ROO,1,PLAYA DEL CARMEN,2,COZUMEL,182,3,401.0,587.0,14.0,16.0,4.0,0.0,3.0,8.0,18.0,1.0,2.0,42.0,1096.0,2015
3,23,QUINTANA ROO,1,PLAYA DEL CARMEN,2,COZUMEL,183,4,536.0,637.0,17.0,10.0,4.0,0.0,1.0,3.0,18.0,0.0,1.0,33.0,1260.0,2295
3,23,QUINTANA ROO,1,PLAYA DEL CARMEN,2,COZUMEL,184,3,587.0,548.0,18.0,9.0,5.0,2.0,9.0,0.0,25.0,0.0,0.0,28.0,1231.0,1992
3,23,QUINTANA ROO,1,PLAYA DEL CARMEN,2,COZUMEL,185,4,683.0,674.0,21.0,11.0,2.0,2.0,7.0,2.0,29.0,0.0,0.0,34.0,1465.0,2319
3,23,QUINTANA ROO,1,PLAYA DEL CARMEN,2,COZUMEL,186,2,329.0,337.0,7.0,5.0,1.0,0.0,1.0,1.0,8.0,0.0,0.0,21.0,710.0,993
3,23,QUINTANA ROO,1,PLAYA DEL CARMEN,2,COZUMEL,187,3,565.0,472.0,8.0,12.0,2.0,2.0,3.0,3.0,20.0,0.0,0.0,25.0,1112.0,1689
3,23,QUINTANA ROO,1,PLAYA DEL CARMEN,2,COZUMEL,188,3,385.0,441.0,15.0,6.0,1.0,0.0,2.0,1.0,17.0,1.0,0.0,12.0,881.0,2080
3,23,QUINTANA ROO,1,PLAYA DEL CARMEN,2,COZUMEL,189,3,536.0,656.0,14.0,6.0,5.0,0.0,8.0,3.0,26.0,0.0,0.0,37.0,1291.0,2052
3,23,QUINTANA ROO,1,PLAYA DEL CARMEN,2,COZUMEL,190,3,492.0,501.0,22.0,3.0,0.0,5.0,3.0,1.0,24.0,0.0,0.0,18.0,1069.0,1775
3,23,QUINTANA ROO,1,PLAYA DEL CARMEN,2,COZUMEL,191,2,238.0,428.0,9.0,7.0,3.0,3.0,0.0,1.0,25.0,1.0,1.0,26.0,742.0,1470
3,23,QUINTANA ROO,1,PLAYA DEL CARMEN,2,COZUMEL,192,4,375.0,539.0,28.0,11.0,4.0,2.0,2.0,2.0,21.0,0.0,0.0,35.0,1019.0,1761
3,23,QUINTANA ROO,1,PLAYA DEL CARMEN,2,COZUMEL,193,3,395.0,514.0,7.0,5.0,3.0,1.0,13.0,1.0,21.0,0.0,0.0,38.0,998.0,1759
3,23,QUINTANA ROO,1,PLAYA DEL CARMEN,2,COZUMEL,194,3,446.0,479.0,20.0,10.0,2.0,1.0,4.0,3.0,19.0,0.0,2.0,24.0,1010.0,1730
3,23,QUINTANA ROO,1,PLAYA DEL CARMEN,2,COZUMEL,195,6,1321.0,1233.0,35.0,17.0,7.0,6.0,8.0,3.0,40.0,0.0,0.0,70.0,2740.0,4271
3,23,QUINTANA ROO,1,PLAYA DEL CARMEN,2,COZUMEL,196,8,1582.0,1623.0,54.0,30.0,8.0,4.0,20.0,14.0,55.0,0.0,2.0,102.0,3494.0,5490
3,23,QUINTANA ROO,1,PLAYA DEL CARMEN,2,COZUMEL,197,4,522.0,720.0,20.0,14.0,4.0,2.0,2.0,1.0,24.0,1.0,1.0,37.0,1348.0,2315
3,23,QUINTANA ROO,1,PLAYA DEL CARMEN,2,COZUMEL,198,4,464.0,695.0,18.0,19.0,4.0,6.0,3.0,3.0,20.0,0.0,0.0,59.0,1291.0,2500
3,23,QUINTANA ROO,1,PLAYA DEL CARMEN,2,COZUMEL,199,4,668.0,690.0,30.0,10.0,3.0,4.0,8.0,0.0,25.0,1.0,1.0,52.0,1492.0,2497
3,23,QUINTANA ROO,1,PLAYA DEL CARMEN,2,COZUMEL,200,5,839.0,868.0,29.0,15.0,6.0,3.0,5.0,3.0,30.0,0.0,1.0,57.0,1856.0,3251
3,23,QUINTANA ROO,1,PLAYA DEL CARMEN,2,COZUMEL,201,4,675.0,810.0,15.0,10.0,3.0,2.0,2.0,0.0,34.0,0.0,0.0,28.0,1579.0,2369
3,23,QUINTANA ROO,1,PLAYA DEL CARMEN,2,COZUMEL,202,4,736.0,751.0,18.0,8.0,1.0,1.0,3.0,2.0,16.0,0.0,1.0,36.0,1573.0,2427
3,23,QUINTANA ROO,1,PLAYA DEL CARMEN,2,COZUMEL,203,12,2532.0,2392.0,71.0,46.0,8.0,7.0,32.0,12.0,93.0,0.0,2.0,137.0,5332.0,8616
3,23,QUINTANA ROO,1,PLAYA DEL CARMEN,8,SOLIDARIDAD,205,17,706.0,1738.0,250.0,156.0,56.0,51.0,70.0,34.0,118.0,7.0,8.0,163.0,3357.0,11927
3,23,QUINTANA ROO,1,PLAYA DEL CARMEN,8,SOLIDARIDAD,206,14,399.0,1259.0,181.0,95.0,26.0,24.0,47.0,21.0,73.0,1.0,2.0,106.0,2234.0,9242
3,23,QUINTANA ROO,1,PLAYA DEL CARMEN,8,SOLIDARIDAD,207,20,913.0,1996.0,341.0,185.0,83.0,48.0,82.0,32.0,120.0,4.0,6.0,177.0,3987.0,13312
3,23,QUINTANA ROO,1,PLAYA DEL CARMEN,8,SOLIDARIDAD,208,4,229.0,732.0,64.0,40.0,12.0,5.0,17.0,12.0,32.0,0.0,1.0,36.0,1180.0,2483
3,23,QUINTANA ROO,1,PLAYA DEL CARMEN,8,SOLIDARIDAD,209,17,950.0,2845.0,326.0,133.0,77.0,15.0,67.0,15.0,100.0,3.0,1.0,155.0,4687.0,11582
3,23,QUINTANA ROO,1,PLAYA DEL CARMEN,8,SOLIDARIDAD,210,5,229.0,700.0,113.0,22.0,14.0,5.0,7.0,1.0,60.0,2.0,0.0,31.0,1184.0,1874
3,23,QUINTANA ROO,1,PLAYA DEL CARMEN,8,SOLIDARIDAD,211,6,533.0,983.0,29.0,6.0,9.0,2.0,9.0,1.0,44.0,0.0,0.0,16.0,1632.0,1927
3,23,QUINTANA ROO,1,PLAYA DEL CARMEN,8,SOLIDARIDAD,212,1,4.0,13.0,3.0,0.0,0.0,0.0,1.0,0.0,4.0,0.0,0.0,2.0,27.0,58
3,23,QUINTANA ROO,1,PLAYA DEL CARMEN,8,SOLIDARIDAD,213,1,3.0,13.0,0.0,1.0,0.0,0.0,1.0,0.0,0.0,0.0,0.0,2.0,20.0,78
3,23,QUINTANA ROO,1,PLAYA DEL CARMEN,8,SOLIDARIDAD,214,1,23.0,60.0,11.0,6.0,0.0,0.0,2.0,0.0,1.0,0.0,0.0,4.0,107.0,261
3,23,QUINTANA ROO,1,PLAYA DEL CARMEN,4,ISLA MUJERES,252,2,175.0,309.0,10.0,13.0,2.0,0.0,2.0,0.0,26.0,0.0,0.0,15.0,552.0,912
3,23,QUINTANA ROO,1,PLAYA DEL CARMEN,4,ISLA MUJERES,253,2,181.0,210.0,9.0,9.0,2.0,2.0,3.0,3.0,11.0,0.0,0.0,17.0,447.0,917
3,23,QUINTANA ROO,1,PLAYA DEL CARMEN,4,ISLA MUJERES,254,1,111.0,188.0,7.0,14.0,3.0,0.0,6.0,0.0,15.0,0.0,0.0,9.0,353.0,635
3,23,QUINTANA ROO,1,PLAYA DEL CARMEN,4,ISLA MUJERES,255,2,342.0,448.0,20.0,11.0,4.0,0.0,10.0,5.0,34.0,0.0,1.0,15.0,890.0,1488
3,23,QUINTANA ROO,1,PLAYA DEL CARMEN,4,ISLA MUJERES,256,2,207.0,258.0,12.0,20.0,4.0,1.0,3.0,0.0,20.0,0.0,0.0,17.0,542.0,957
3,23,QUINTANA ROO,1,PLAYA DEL CARMEN,4,ISLA MUJERES,257,2,205.0,333.0,23.0,9.0,2.0,0.0,8.0,0.0,27.0,0.0,11.0,3.0,621.0,1001
3,23,QUINTANA ROO,1,PLAYA DEL CARMEN,4,ISLA MUJERES,258,4,588.0,876.0,32.0,25.0,6.0,4.0,12.0,7.0,41.0,1.0,0.0,34.0,1626.0,2720
3,23,QUINTANA ROO,1,PLAYA DEL CARMEN,4,ISLA MUJERES,259,1,189.0,178.0,10.0,8.0,4.0,0.0,3.0,0.0,18.0,0.0,0.0,8.0,418.0,706
3,23,QUINTANA ROO,1,PLAYA DEL CARMEN,4,ISLA MUJERES,260,1,15.0,29.0,3.0,5.0,3.0,2.0,2.0,1.0,6.0,0.0,0.0,11.0,77.0,185
3,23,QUINTANA ROO,1,PLAYA DEL CARMEN,4,ISLA MUJERES,261,5,554.0,916.0,66.0,50.0,14.0,16.0,12.0,5.0,73.0,0.0,0.0,53.0,1759.0,3520
3,23,QUINTANA ROO,1,PLAYA DEL CARMEN,6,LAZARO CARDENAS,284,2,226.0,328.0,25.0,6.0,5.0,0.0,23.0,1.0,92.0,0.0,0.0,18.0,724.0,1133
3,23,QUINTANA ROO,1,PLAYA DEL CARMEN,6,LAZARO CARDENAS,285,2,142.0,294.0,29.0,13.0,12.0,2.0,27.0,0.0,110.0,0.0,0.0,13.0,642.0,1120
3,23,QUINTANA ROO,1,PLAYA DEL CARMEN,6,LAZARO CARDENAS,286,3,334.0,586.0,60.0,15.0,15.0,7.0,38.0,2.0,189.0,0.0,0.0,24.0,1270.0,2084
3,23,QUINTANA ROO,1,PLAYA DEL CARMEN,6,LAZARO CARDENAS,287,2,247.0,356.0,17.0,16.0,5.0,5.0,95.0,1.0,21.0,1.0,0.0,21.0,785.0,1210
3,23,QUINTANA ROO,1,PLAYA DEL CARMEN,6,LAZARO CARDENAS,288,3,256.0,499.0,19.0,7.0,4.0,4.0,74.0,4.0,72.0,0.0,0.0,33.0,972.0,1478
3,23,QUINTANA ROO,1,PLAYA DEL CARMEN,6,LAZARO CARDENAS,289,1,175.0,165.0,13.0,3.0,3.0,4.0,2.0,2.0,0.0,16.0,0.0,0.0,383.0,598
3,23,QUINTANA ROO,1,PLAYA DEL CARMEN,6,LAZARO CARDENAS,290,3,297.0,470.0,41.0,12.0,8.0,1.0,6.0,1.0,71.0,1.0,0.0,27.0,935.0,1386
3,23,QUINTANA ROO,1,PLAYA DEL CARMEN,6,LAZARO CARDENAS,291,2,132.0,328.0,33.0,4.0,1.0,2.0,4.0,0.0,20.0,0.0,0.0,10.0,534.0,791
3,23,QUINTANA ROO,1,PLAYA DEL CARMEN,6,LAZARO CARDENAS,292,2,182.0,358.0,102.0,10.0,2.0,2.0,21.0,2.0,72.0,0.0,0.0,27.0,778.0,1127
3,23,QUINTANA ROO,1,PLAYA DEL CARMEN,6,LAZARO CARDENAS,293,2,225.0,337.0,83.0,11.0,20.0,3.0,9.0,1.0,74.0,0.0,0.0,16.0,779.0,1318
3,23,QUINTANA ROO,1,PLAYA DEL CARMEN,6,LAZARO CARDENAS,294,1,163.0,197.0,10.0,7.0,5.0,3.0,47.0,2.0,39.0,0.0,0.0,13.0,486.0,676
3,23,QUINTANA ROO,1,PLAYA DEL CARMEN,6,LAZARO CARDENAS,295,1,193.0,247.0,15.0,2.0,2.0,0.0,3.0,0.0,18.0,1.0,0.0,16.0,497.0,737
3,23,QUINTANA ROO,1,PLAYA DEL CARMEN,6,LAZARO CARDENAS,296,2,142.0,259.0,76.0,3.0,30.0,3.0,7.0,3.0,41.0,0.0,0.0,15.0,579.0,937
3,23,QUINTANA ROO,1,PLAYA DEL CARMEN,6,LAZARO CARDENAS,297,1,116.0,132.0,8.0,3.0,15.0,2.0,3.0,0.0,10.0,1.0,0.0,5.0,295.0,391
3,23,QUINTANA ROO,1,PLAYA DEL CARMEN,1,BENITO JUAREZ,451,1,28.0,25.0,5.0,2.0,3.0,2.0,0.0,0.0,0.0,1.0,0.0,2.0,68.0,263
3,23,QUINTANA ROO,1,PLAYA DEL CARMEN,1,BENITO JUAREZ,452,1,16.0,32.0,13.0,1.0,2.0,1.0,1.0,0.0,1.0,0.0,0.0,2.0,69.0,209
3,23,QUINTANA ROO,1,PLAYA DEL CARMEN,1,BENITO JUAREZ,453,2,47.0,142.0,34.0,14.0,6.0,8.0,6.0,1.0,17.0,1.0,0.0,13.0,289.0,767
3,23,QUINTANA ROO,1,PLAYA DEL CARMEN,1,BENITO JUAREZ,454,1,37.0,106.0,19.0,20.0,15.0,6.0,11.0,2.0,15.0,1.0,2.0,11.0,245.0,702
3,23,QUINTANA ROO,1,PLAYA DEL CARMEN,1,BENITO JUAREZ,455,1,42.0,62.0,16.0,18.0,3.0,2.0,5.0,0.0,20.0,1.0,1.0,11.0,181.0,630
3,23,QUINTANA ROO,1,PLAYA DEL CARMEN,1,BENITO JUAREZ,456,1,39.0,64.0,22.0,12.0,3.0,2.0,3.0,4.0,4.0,0.0,0.0,5.0,158.0,439
3,23,QUINTANA ROO,1,PLAYA DEL CARMEN,1,BENITO JUAREZ,457,1,34.0,99.0,20.0,15.0,5.0,3.0,3.0,0.0,8.0,1.0,0.0,12.0,200.0,619
3,23,QUINTANA ROO,1,PLAYA DEL CARMEN,1,BENITO JUAREZ,458,2,51.0,123.0,35.0,16.0,6.0,11.0,8.0,1.0,10.0,1.0,0.0,8.0,270.0,806
3,23,QUINTANA ROO,1,PLAYA DEL CARMEN,1,BENITO JUAREZ,459,1,47.0,66.0,26.0,19.0,6.0,4.0,6.0,0.0,4.0,0.0,1.0,6.0,185.0,724
3,23,QUINTANA ROO,1,PLAYA DEL CARMEN,1,BENITO JUAREZ,460,2,70.0,108.0,37.0,26.0,10.0,10.0,6.0,2.0,11.0,1.0,0.0,16.0,297.0,883
3,23,QUINTANA ROO,1,PLAYA DEL CARMEN,1,BENITO JUAREZ,461,1,34.0,71.0,17.0,12.0,1.0,1.0,4.0,0.0,3.0,0.0,0.0,9.0,152.0,444
3,23,QUINTANA ROO,1,PLAYA DEL CARMEN,1,BENITO JUAREZ,462,1,25.0,41.0,16.0,6.0,1.0,1.0,6.0,0.0,7.0,0.0,0.0,11.0,114.0,476
3,23,QUINTANA ROO,1,PLAYA DEL CARMEN,1,BENITO JUAREZ,463,1,82.0,66.0,21.0,21.0,2.0,0.0,7.0,1.0,20.0,2.0,0.0,7.0,229.0,676
3,23,QUINTANA ROO,1,PLAYA DEL CARMEN,1,BENITO JUAREZ,464,1,32.0,72.0,16.0,10.0,1.0,0.0,6.0,2.0,5.0,0.0,0.0,8.0,152.0,528
3,23,QUINTANA ROO,1,PLAYA DEL CARMEN,1,BENITO JUAREZ,465,1,48.0,63.0,10.0,8.0,7.0,2.0,5.0,1.0,8.0,3.0,2.0,10.0,167.0,676
3,23,QUINTANA ROO,1,PLAYA DEL CARMEN,1,BENITO JUAREZ,466,1,35.0,82.0,19.0,13.0,4.0,2.0,13.0,1.0,2.0,0.0,1.0,9.0,181.0,629
3,23,QUINTANA ROO,1,PLAYA DEL CARMEN,1,BENITO JUAREZ,467,1,47.0,49.0,11.0,12.0,5.0,1.0,6.0,2.0,10.0,0.0,0.0,5.0,148.0,554
3,23,QUINTANA ROO,1,PLAYA DEL CARMEN,1,BENITO JUAREZ,468,1,42.0,58.0,19.0,17.0,11.0,5.0,2.0,0.0,4.0,1.0,0.0,8.0,167.0,591
3,23,QUINTANA ROO,1,PLAYA DEL CARMEN,1,BENITO JUAREZ,469,1,73.0,55.0,17.0,9.0,7.0,2.0,6.0,0.0,9.0,0.0,0.0,6.0,184.0,583
3,23,QUINTANA ROO,1,PLAYA DEL CARMEN,1,BENITO JUAREZ,470,1,74.0,79.0,11.0,9.0,5.0,2.0,5.0,1.0,5.0,0.0,0.0,12.0,203.0,676
3,23,QUINTANA ROO,1,PLAYA DEL CARMEN,1,BENITO JUAREZ,471,2,52.0,60.0,29.0,12.0,6.0,5.0,5.0,3.0,7.0,0.0,0.0,16.0,195.0,782
3,23,QUINTANA ROO,1,PLAYA DEL CARMEN,1,BENITO JUAREZ,472,1,47.0,72.0,6.0,10.0,4.0,5.0,3.0,2.0,11.0,0.0,1.0,6.0,167.0,475
3,23,QUINTANA ROO,1,PLAYA DEL CARMEN,1,BENITO JUAREZ,473,1,62.0,81.0,13.0,10.0,6.0,3.0,8.0,0.0,8.0,1.0,0.0,13.0,205.0,513
3,23,QUINTANA ROO,1,PLAYA DEL CARMEN,1,BENITO JUAREZ,474,1,13.0,68.0,14.0,7.0,3.0,1.0,3.0,1.0,17.0,0.0,0.0,12.0,139.0,301
3,23,QUINTANA ROO,1,PLAYA DEL CARMEN,1,BENITO JUAREZ,475,2,59.0,197.0,36.0,28.0,11.0,9.0,10.0,2.0,13.0,2.0,0.0,13.0,380.0,1011
3,23,QUINTANA ROO,1,PLAYA DEL CARMEN,1,BENITO JUAREZ,476,2,44.0,180.0,40.0,18.0,7.0,7.0,8.0,3.0,10.0,1.0,0.0,16.0,334.0,897
3,23,QUINTANA ROO,1,PLAYA DEL CARMEN,1,BENITO JUAREZ,477,2,78.0,179.0,33.0,32.0,15.0,11.0,7.0,5.0,27.0,3.0,0.0,19.0,409.0,1005
3,23,QUINTANA ROO,1,PLAYA DEL CARMEN,1,BENITO JUAREZ,478,2,61.0,134.0,16.0,18.0,3.0,4.0,8.0,3.0,20.0,0.0,0.0,12.0,279.0,925
3,23,QUINTANA ROO,1,PLAYA DEL CARMEN,1,BENITO JUAREZ,479,2,84.0,147.0,34.0,29.0,13.0,5.0,4.0,1.0,17.0,2.0,0.0,15.0,351.0,934
3,23,QUINTANA ROO,1,PLAYA DEL CARMEN,1,BENITO JUAREZ,480,2,47.0,137.0,44.0,15.0,7.0,13.0,14.0,2.0,18.0,3.0,0.0,12.0,312.0,857
3,23,QUINTANA ROO,1,PLAYA DEL CARMEN,1,BENITO JUAREZ,481,2,46.0,173.0,37.0,33.0,11.0,16.0,7.0,3.0,18.0,1.0,0.0,14.0,359.0,960
3,23,QUINTANA ROO,1,PLAYA DEL CARMEN,1,BENITO JUAREZ,482,1,,,,,,,,,,,,,,627
3,23,QUINTANA ROO,1,PLAYA DEL CARMEN,1,BENITO JUAREZ,483,1,52.0,113.0,26.0,16.0,5.0,4.0,4.0,1.0,17.0,1.0,0.0,16.0,255.0,650
3,23,QUINTANA ROO,1,PLAYA DEL CARMEN,1,BENITO JUAREZ,484,2,71.0,177.0,27.0,22.0,13.0,10.0,7.0,2.0,8.0,0.0,1.0,19.0,357.0,1030
3,23,QUINTANA ROO,1,PLAYA DEL CARMEN,1,BENITO JUAREZ,485,2,44.0,77.0,47.0,15.0,13.0,11.0,6.0,2.0,106.0,0.0,0.0,6.0,327.0,937
3,23,QUINTANA ROO,1,PLAYA DEL CARMEN,1,BENITO JUAREZ,486,2,50.0,133.0,34.0,21.0,10.0,9.0,5.0,0.0,13.0,2.0,0.0,15.0,292.0,861
3,23,QUINTANA ROO,1,PLAYA DEL CARMEN,1,BENITO JUAREZ,487,2,93.0,128.0,13.0,21.0,3.0,6.0,6.0,2.0,13.0,1.0,0.0,13.0,299.0,808
3,23,QUINTANA ROO,1,PLAYA DEL CARMEN,1,BENITO JUAREZ,488,1,72.0,99.0,22.0,14.0,5.0,7.0,5.0,2.0,13.0,0.0,0.0,9.0,248.0,725
3,23,QUINTANA ROO,1,PLAYA DEL CARMEN,1,BENITO JUAREZ,489,1,54.0,131.0,21.0,16.0,6.0,1.0,4.0,0.0,10.0,0.0,0.0,11.0,254.0,722
3,23,QUINTANA ROO,1,PLAYA DEL CARMEN,1,BENITO JUAREZ,490,2,85.0,106.0,35.0,11.0,8.0,1.0,8.0,0.0,9.0,1.0,0.0,10.0,274.0,844
3,23,QUINTANA ROO,1,PLAYA DEL CARMEN,1,BENITO JUAREZ,491,2,43.0,74.0,33.0,25.0,8.0,3.0,10.0,6.0,0.0,0.0,1.0,13.0,216.0,881
3,23,QUINTANA ROO,1,PLAYA DEL CARMEN,1,BENITO JUAREZ,492,1,19.0,37.0,12.0,12.0,3.0,10.0,2.0,0.0,1.0,1.0,0.0,6.0,103.0,444
3,23,QUINTANA ROO,1,PLAYA DEL CARMEN,1,BENITO JUAREZ,493,1,32.0,27.0,14.0,13.0,4.0,2.0,5.0,0.0,1.0,0.0,0.0,2.0,100.0,286
3,23,QUINTANA ROO,1,PLAYA DEL CARMEN,1,BENITO JUAREZ,494,1,31.0,39.0,6.0,9.0,1.0,3.0,3.0,1.0,6.0,0.0,0.0,1.0,100.0,278
3,23,QUINTANA ROO,1,PLAYA DEL CARMEN,1,BENITO JUAREZ,495,1,13.0,27.0,14.0,8.0,6.0,0.0,3.0,0.0,3.0,2.0,0.0,2.0,78.0,253
3,23,QUINTANA ROO,1,PLAYA DEL CARMEN,1,BENITO JUAREZ,496,1,18.0,15.0,11.0,5.0,3.0,0.0,2.0,0.0,1.0,0.0,0.0,5.0,60.0,208
3,23,QUINTANA ROO,1,PLAYA DEL CARMEN,1,BENITO JUAREZ,497,1,37.0,48.0,21.0,19.0,6.0,0.0,3.0,0.0,5.0,0.0,0.0,19.0,158.0,534
3,23,QUINTANA ROO,1,PLAYA DEL CARMEN,1,BENITO JUAREZ,498,1,47.0,72.0,30.0,17.0,3.0,5.0,4.0,0.0,0.0,0.0,0.0,3.0,181.0,678
3,23,QUINTANA ROO,1,PLAYA DEL CARMEN,1,BENITO JUAREZ,499,1,17.0,19.0,15.0,12.0,2.0,2.0,6.0,0.0,1.0,0.0,0.0,2.0,76.0,271
3,23,QUINTANA ROO,1,PLAYA DEL CARMEN,1,BENITO JUAREZ,500,1,36.0,47.0,28.0,19.0,3.0,2.0,0.0,0.0,5.0,0.0,0.0,5.0,145.0,532
3,23,QUINTANA ROO,1,PLAYA DEL CARMEN,1,BENITO JUAREZ,501,1,41.0,16.0,13.0,12.0,1.0,2.0,3.0,0.0,0.0,0.0,0.0,1.0,89.0,259
3,23,QUINTANA ROO,1,PLAYA DEL CARMEN,1,BENITO JUAREZ,502,1,40.0,47.0,12.0,11.0,5.0,2.0,3.0,0.0,4.0,0.0,0.0,6.0,130.0,499
3,23,QUINTANA ROO,1,PLAYA DEL CARMEN,1,BENITO JUAREZ,503,1,34.0,35.0,15.0,9.0,0.0,1.0,4.0,0.0,6.0,0.0,0.0,2.0,106.0,281
3,23,QUINTANA ROO,1,PLAYA DEL CARMEN,1,BENITO JUAREZ,504,1,35.0,52.0,17.0,9.0,4.0,4.0,3.0,1.0,4.0,0.0,0.0,5.0,134.0,430
3,23,QUINTANA ROO,1,PLAYA DEL CARMEN,1,BENITO JUAREZ,505,1,30.0,38.0,22.0,14.0,2.0,2.0,1.0,2.0,0.0,0.0,0.0,2.0,113.0,319
3,23,QUINTANA ROO,1,PLAYA DEL CARMEN,1,BENITO JUAREZ,506,1,20.0,36.0,17.0,7.0,3.0,5.0,2.0,1.0,5.0,1.0,0.0,5.0,102.0,316
3,23,QUINTANA ROO,1,PLAYA DEL CARMEN,1,BENITO JUAREZ,507,1,,,,,,,,,,,,,,289
3,23,QUINTANA ROO,1,PLAYA DEL CARMEN,1,BENITO JUAREZ,508,1,35.0,48.0,18.0,12.0,0.0,2.0,1.0,1.0,0.0,0.0,0.0,5.0,122.0,374
3,23,QUINTANA ROO,1,PLAYA DEL CARMEN,1,BENITO JUAREZ,509,1,18.0,17.0,19.0,7.0,3.0,2.0,3.0,0.0,0.0,0.0,0.0,4.0,73.0,221
3,23,QUINTANA ROO,1,PLAYA DEL CARMEN,1,BENITO JUAREZ,510,1,19.0,29.0,17.0,7.0,2.0,0.0,1.0,0.0,2.0,0.0,0.0,6.0,83.0,298
3,23,QUINTANA ROO,1,PLAYA DEL CARMEN,1,BENITO JUAREZ,511,1,20.0,37.0,9.0,4.0,3.0,4.0,1.0,0.0,2.0,0.0,0.0,4.0,84.0,252
3,23,QUINTANA ROO,1,PLAYA DEL CARMEN,1,BENITO JUAREZ,512,1,10.0,25.0,8.0,3.0,0.0,0.0,1.0,0.0,5.0,1.0,0.0,3.0,56.0,201
3,23,QUINTANA ROO,1,PLAYA DEL CARMEN,1,BENITO JUAREZ,513,1,11.0,10.0,7.0,3.0,0.0,1.0,2.0,0.0,0.0,0.0,0.0,1.0,35.0,218
3,23,QUINTANA ROO,1,PLAYA DEL CARMEN,1,BENITO JUAREZ,514,1,18.0,16.0,17.0,5.0,5.0,1.0,3.0,1.0,0.0,0.0,0.0,6.0,72.0,298
3,23,QUINTANA ROO,1,PLAYA DEL CARMEN,1,BENITO JUAREZ,515,1,18.0,14.0,8.0,8.0,3.0,2.0,1.0,0.0,0.0,0.0,0.0,2.0,56.0,271
3,23,QUINTANA ROO,1,PLAYA DEL CARMEN,1,BENITO JUAREZ,516,1,24.0,32.0,12.0,12.0,5.0,1.0,2.0,0.0,3.0,0.0,0.0,5.0,96.0,384
3,23,QUINTANA ROO,1,PLAYA DEL CARMEN,1,BENITO JUAREZ,517,1,12.0,17.0,11.0,8.0,3.0,0.0,1.0,1.0,0.0,0.0,0.0,6.0,59.0,190
3,23,QUINTANA ROO,1,PLAYA DEL CARMEN,1,BENITO JUAREZ,518,1,22.0,27.0,14.0,9.0,1.0,1.0,6.0,2.0,5.0,0.0,0.0,9.0,96.0,315
3,23,QUINTANA ROO,1,PLAYA DEL CARMEN,1,BENITO JUAREZ,519,1,31.0,28.0,19.0,30.0,5.0,2.0,5.0,0.0,0.0,0.0,0.0,6.0,126.0,454
3,23,QUINTANA ROO,1,PLAYA DEL CARMEN,1,BENITO JUAREZ,520,1,39.0,32.0,27.0,21.0,3.0,4.0,3.0,3.0,3.0,0.0,0.0,7.0,142.0,574
3,23,QUINTANA ROO,1,PLAYA DEL CARMEN,1,BENITO JUAREZ,521,1,32.0,45.0,16.0,13.0,1.0,4.0,5.0,1.0,6.0,0.0,0.0,5.0,128.0,569
3,23,QUINTANA ROO,1,PLAYA DEL CARMEN,1,BENITO JUAREZ,522,2,64.0,153.0,78.0,25.0,7.0,4.0,9.0,3.0,4.0,1.0,0.0,18.0,366.0,948
3,23,QUINTANA ROO,1,PLAYA DEL CARMEN,1,BENITO JUAREZ,523,1,28.0,16.0,13.0,6.0,5.0,2.0,6.0,0.0,0.0,0.0,0.0,3.0,79.0,187
3,23,QUINTANA ROO,1,PLAYA DEL CARMEN,1,BENITO JUAREZ,524,1,28.0,84.0,20.0,8.0,4.0,4.0,3.0,0.0,15.0,1.0,0.0,6.0,173.0,508
3,23,QUINTANA ROO,1,PLAYA DEL CARMEN,1,BENITO JUAREZ,525,2,59.0,103.0,40.0,20.0,13.0,3.0,5.0,1.0,6.0,2.0,1.0,8.0,261.0,929
3,23,QUINTANA ROO,1,PLAYA DEL CARMEN,1,BENITO JUAREZ,526,1,43.0,103.0,19.0,17.0,3.0,4.0,2.0,1.0,16.0,1.0,0.0,0.0,209.0,561
3,23,QUINTANA ROO,1,PLAYA DEL CARMEN,1,BENITO JUAREZ,527,1,39.0,100.0,30.0,15.0,7.0,1.0,4.0,1.0,14.0,1.0,1.0,10.0,223.0,723
3,23,QUINTANA ROO,1,PLAYA DEL CARMEN,1,BENITO JUAREZ,528,1,,,,,,,,,,,,,,696
3,23,QUINTANA ROO,1,PLAYA DEL CARMEN,1,BENITO JUAREZ,529,1,26.0,82.0,28.0,9.0,5.0,2.0,1.0,2.0,7.0,1.0,0.0,10.0,173.0,563
3,23,QUINTANA ROO,1,PLAYA DEL CARMEN,1,BENITO JUAREZ,530,1,,,,,,,,,,,,,,600
3,23,QUINTANA ROO,1,PLAYA DEL CARMEN,1,BENITO JUAREZ,531,1,43.0,112.0,27.0,16.0,9.0,6.0,8.0,1.0,10.0,0.0,0.0,14.0,246.0,729
3,23,QUINTANA ROO,1,PLAYA DEL CARMEN,1,BENITO JUAREZ,532,1,32.0,109.0,21.0,13.0,11.0,4.0,4.0,3.0,9.0,0.0,0.0,10.0,216.0,572
3,23,QUINTANA ROO,1,PLAYA DEL CARMEN,1,BENITO JUAREZ,533,1,56.0,68.0,16.0,16.0,2.0,0.0,4.0,1.0,4.0,0.0,0.0,17.0,184.0,621
3,23,QUINTANA ROO,1,PLAYA DEL CARMEN,1,BENITO JUAREZ,534,1,38.0,72.0,30.0,9.0,3.0,2.0,3.0,1.0,3.0,2.0,1.0,13.0,177.0,478
3,23,QUINTANA ROO,1,PLAYA DEL CARMEN,1,BENITO JUAREZ,535,1,29.0,31.0,11.0,26.0,4.0,0.0,8.0,0.0,1.0,1.0,0.0,7.0,118.0,484
3,23,QUINTANA ROO,1,PLAYA DEL CARMEN,1,BENITO JUAREZ,536,1,21.0,22.0,6.0,9.0,4.0,1.0,4.0,0.0,3.0,0.0,0.0,8.0,78.0,442
3,23,QUINTANA ROO,1,PLAYA DEL CARMEN,1,BENITO JUAREZ,537,1,18.0,13.0,8.0,9.0,1.0,1.0,5.0,0.0,2.0,1.0,0.0,4.0,62.0,280
3,23,QUINTANA ROO,1,PLAYA DEL CARMEN,1,BENITO JUAREZ,538,1,37.0,34.0,19.0,13.0,9.0,4.0,4.0,1.0,3.0,3.0,0.0,8.0,135.0,467
3,23,QUINTANA ROO,1,PLAYA DEL CARMEN,1,BENITO JUAREZ,539,1,20.0,24.0,18.0,9.0,5.0,0.0,5.0,1.0,4.0,1.0,0.0,7.0,94.0,338
3,23,QUINTANA ROO,1,PLAYA DEL CARMEN,1,BENITO JUAREZ,540,1,48.0,44.0,25.0,10.0,4.0,1.0,2.0,0.0,5.0,0.0,0.0,6.0,145.0,537
3,23,QUINTANA ROO,1,PLAYA DEL CARMEN,1,BENITO JUAREZ,541,1,62.0,71.0,31.0,9.0,4.0,1.0,2.0,0.0,12.0,0.0,0.0,11.0,203.0,688
3,23,QUINTANA ROO,1,PLAYA DEL CARMEN,1,BENITO JUAREZ,542,2,29.0,24.0,14.0,11.0,1.0,1.0,0.0,1.0,1.0,0.0,1.0,5.0,88.0,790
3,23,QUINTANA ROO,1,PLAYA DEL CARMEN,1,BENITO JUAREZ,543,1,58.0,73.0,26.0,17.0,1.0,7.0,6.0,5.0,6.0,1.0,0.0,7.0,207.0,620
3,23,QUINTANA ROO,1,PLAYA DEL CARMEN,1,BENITO JUAREZ,544,2,23.0,91.0,22.0,16.0,4.0,3.0,10.0,1.0,4.0,0.0,0.0,24.0,198.0,841
3,23,QUINTANA ROO,1,PLAYA DEL CARMEN,1,BENITO JUAREZ,545,1,,,,,,,,,,,,,,613
3,23,QUINTANA ROO,1,PLAYA DEL CARMEN,1,BENITO JUAREZ,546,1,55.0,68.0,30.0,17.0,11.0,3.0,3.0,1.0,18.0,1.0,1.0,15.0,223.0,731
3,23,QUINTANA ROO,1,PLAYA DEL CARMEN,1,BENITO JUAREZ,547,2,48.0,83.0,35.0,12.0,14.0,2.0,5.0,1.0,11.0,2.0,0.0,18.0,231.0,765
3,23,QUINTANA ROO,1,PLAYA DEL CARMEN,1,BENITO JUAREZ,548,2,99.0,106.0,44.0,31.0,6.0,3.0,7.0,0.0,24.0,1.0,0.0,16.0,337.0,1039
3,23,QUINTANA ROO,1,PLAYA DEL CARMEN,1,BENITO JUAREZ,549,1,54.0,82.0,20.0,7.0,4.0,0.0,4.0,1.0,25.0,0.0,2.0,11.0,210.0,687
3,23,QUINTANA ROO,1,PLAYA DEL CARMEN,1,BENITO JUAREZ,550,1,55.0,73.0,24.0,21.0,9.0,2.0,6.0,0.0,2.0,0.0,0.0,8.0,200.0,579
3,23,QUINTANA ROO,1,PLAYA DEL CARMEN,1,BENITO JUAREZ,551,2,63.0,99.0,36.0,20.0,2.0,4.0,1.0,4.0,14.0,0.0,1.0,8.0,252.0,801
3,23,QUINTANA ROO,1,PLAYA DEL CARMEN,1,BENITO JUAREZ,552,1,36.0,81.0,40.0,16.0,4.0,5.0,2.0,2.0,13.0,0.0,0.0,10.0,209.0,591
3,23,QUINTANA ROO,1,PLAYA DEL CARMEN,1,BENITO JUAREZ,553,2,51.0,65.0,48.0,17.0,7.0,6.0,8.0,1.0,11.0,0.0,0.0,19.0,233.0,793
3,23,QUINTANA ROO,1,PLAYA DEL CARMEN,1,BENITO JUAREZ,554,1,62.0,73.0,40.0,14.0,3.0,3.0,3.0,1.0,8.0,0.0,0.0,8.0,215.0,704
3,23,QUINTANA ROO,1,PLAYA DEL CARMEN,1,BENITO JUAREZ,555,1,25.0,45.0,28.0,8.0,2.0,3.0,10.0,0.0,5.0,0.0,0.0,10.0,136.0,516
3,23,QUINTANA ROO,1,PLAYA DEL CARMEN,1,BENITO JUAREZ,556,2,59.0,119.0,38.0,26.0,7.0,7.0,4.0,3.0,13.0,0.0,0.0,21.0,297.0,1006
3,23,QUINTANA ROO,1,PLAYA DEL CARMEN,1,BENITO JUAREZ,557,1,47.0,67.0,32.0,21.0,2.0,1.0,6.0,0.0,5.0,0.0,0.0,8.0,189.0,681
3,23,QUINTANA ROO,1,PLAYA DEL CARMEN,1,BENITO JUAREZ,558,2,66.0,80.0,44.0,15.0,10.0,6.0,12.0,0.0,4.0,0.0,0.0,14.0,251.0,848
3,23,QUINTANA ROO,1,PLAYA DEL CARMEN,1,BENITO JUAREZ,559,2,80.0,113.0,44.0,16.0,3.0,3.0,5.0,0.0,23.0,1.0,4.0,13.0,305.0,1007
3,23,QUINTANA ROO,1,PLAYA DEL CARMEN,1,BENITO JUAREZ,560,1,23.0,73.0,28.0,2.0,2.0,2.0,5.0,1.0,10.0,1.0,0.0,8.0,155.0,610
3,23,QUINTANA ROO,1,PLAYA DEL CARMEN,1,BENITO JUAREZ,561,2,48.0,78.0,28.0,20.0,8.0,1.0,4.0,2.0,8.0,0.0,0.0,9.0,206.0,773
3,23,QUINTANA ROO,1,PLAYA DEL CARMEN,1,BENITO JUAREZ,562,2,66.0,80.0,34.0,14.0,4.0,2.0,6.0,2.0,10.0,0.0,0.0,7.0,225.0,776
3,23,QUINTANA ROO,1,PLAYA DEL CARMEN,1,BENITO JUAREZ,563,2,57.0,96.0,27.0,14.0,9.0,6.0,6.0,0.0,25.0,0.0,0.0,11.0,251.0,856
3,23,QUINTANA ROO,1,PLAYA DEL CARMEN,1,BENITO JUAREZ,564,2,31.0,28.0,14.0,10.0,4.0,5.0,3.0,1.0,7.0,0.0,1.0,8.0,112.0,845
3,23,QUINTANA ROO,1,PLAYA DEL CARMEN,1,BENITO JUAREZ,565,1,40.0,66.0,21.0,11.0,6.0,0.0,7.0,1.0,0.0,0.0,0.0,24.0,176.0,724
3,23,QUINTANA ROO,1,PLAYA DEL CARMEN,1,BENITO JUAREZ,566,1,71.0,75.0,18.0,12.0,1.0,8.0,7.0,1.0,11.0,0.0,0.0,6.0,210.0,718
3,23,QUINTANA ROO,1,PLAYA DEL CARMEN,1,BENITO JUAREZ,567,1,55.0,82.0,22.0,16.0,4.0,1.0,6.0,1.0,13.0,1.0,0.0,18.0,219.0,699
3,23,QUINTANA ROO,1,PLAYA DEL CARMEN,1,BENITO JUAREZ,568,2,54.0,103.0,40.0,18.0,3.0,1.0,7.0,0.0,11.0,0.0,0.0,8.0,245.0,916
3,23,QUINTANA ROO,1,PLAYA DEL CARMEN,1,BENITO JUAREZ,569,2,52.0,112.0,33.0,19.0,4.0,1.0,7.0,0.0,18.0,0.0,0.0,10.0,256.0,799
3,23,QUINTANA ROO,1,PLAYA DEL CARMEN,1,BENITO JUAREZ,570,2,51.0,72.0,42.0,14.0,10.0,4.0,11.0,1.0,16.0,0.0,1.0,13.0,235.0,804
3,23,QUINTANA ROO,1,PLAYA DEL CARMEN,1,BENITO JUAREZ,571,2,75.0,175.0,34.0,12.0,7.0,6.0,10.0,1.0,12.0,0.0,1.0,11.0,344.0,1238
3,23,QUINTANA ROO,1,PLAYA DEL CARMEN,1,BENITO JUAREZ,572,1,34.0,76.0,13.0,10.0,7.0,2.0,2.0,0.0,3.0,0.0,0.0,12.0,159.0,626
3,23,QUINTANA ROO,1,PLAYA DEL CARMEN,1,BENITO JUAREZ,573,2,43.0,96.0,29.0,17.0,9.0,5.0,5.0,5.0,7.0,0.0,1.0,13.0,230.0,852
3,23,QUINTANA ROO,1,PLAYA DEL CARMEN,1,BENITO JUAREZ,574,1,19.0,82.0,14.0,15.0,2.0,0.0,0.0,0.0,3.0,1.0,1.0,4.0,141.0,517
3,23,QUINTANA ROO,1,PLAYA DEL CARMEN,1,BENITO JUAREZ,575,2,45.0,83.0,27.0,20.0,5.0,1.0,5.0,0.0,13.0,0.0,0.0,14.0,213.0,845
3,23,QUINTANA ROO,1,PLAYA DEL CARMEN,1,BENITO JUAREZ,576,1,57.0,67.0,21.0,18.0,8.0,5.0,7.0,2.0,11.0,0.0,0.0,19.0,215.0,665
3,23,QUINTANA ROO,1,PLAYA DEL CARMEN,1,BENITO JUAREZ,577,1,77.0,79.0,24.0,17.0,5.0,0.0,3.0,1.0,5.0,0.0,0.0,7.0,218.0,722
3,23,QUINTANA ROO,1,PLAYA DEL CARMEN,1,BENITO JUAREZ,578,1,,,,,,,,,,,,,,237
3,23,QUINTANA ROO,1,PLAYA DEL CARMEN,1,BENITO JUAREZ,579,1,23.0,22.0,11.0,12.0,2.0,1.0,1.0,0.0,3.0,0.0,0.0,3.0,78.0,267
3,23,QUINTANA ROO,1,PLAYA DEL CARMEN,1,BENITO JUAREZ,580,1,27.0,30.0,4.0,21.0,4.0,9.0,5.0,0.0,4.0,1.0,0.0,3.0,108.0,316
3,23,QUINTANA ROO,1,PLAYA DEL CARMEN,1,BENITO JUAREZ,581,1,13.0,11.0,9.0,15.0,2.0,2.0,3.0,0.0,1.0,0.0,0.0,0.0,56.0,214
3,23,QUINTANA ROO,1,PLAYA DEL CARMEN,1,BENITO JUAREZ,582,1,16.0,29.0,12.0,12.0,1.0,4.0,1.0,0.0,7.0,0.0,0.0,6.0,88.0,270
3,23,QUINTANA ROO,1,PLAYA DEL CARMEN,1,BENITO JUAREZ,583,1,16.0,13.0,8.0,8.0,3.0,2.0,7.0,2.0,0.0,0.0,0.0,4.0,63.0,173
3,23,QUINTANA ROO,1,PLAYA DEL CARMEN,1,BENITO JUAREZ,584,1,7.0,18.0,11.0,10.0,3.0,0.0,6.0,0.0,4.0,0.0,0.0,3.0,62.0,139
3,23,QUINTANA ROO,1,PLAYA DEL CARMEN,1,BENITO JUAREZ,585,1,33.0,45.0,19.0,17.0,1.0,1.0,2.0,0.0,4.0,0.0,1.0,2.0,125.0,419
3,23,QUINTANA ROO,1,PLAYA DEL CARMEN,1,BENITO JUAREZ,586,1,14.0,18.0,7.0,10.0,3.0,0.0,3.0,0.0,1.0,0.0,0.0,2.0,58.0,195
3,23,QUINTANA ROO,1,PLAYA DEL CARMEN,1,BENITO JUAREZ,587,1,9.0,23.0,10.0,10.0,5.0,0.0,3.0,1.0,1.0,0.0,0.0,3.0,65.0,216
3,23,QUINTANA ROO,1,PLAYA DEL CARMEN,1,BENITO JUAREZ,588,1,18.0,16.0,6.0,8.0,2.0,0.0,3.0,1.0,4.0,0.0,0.0,3.0,61.0,197
3,23,QUINTANA ROO,1,PLAYA DEL CARMEN,1,BENITO JUAREZ,589,1,22.0,55.0,13.0,10.0,3.0,1.0,2.0,0.0,3.0,0.0,0.0,4.0,113.0,374
3,23,QUINTANA ROO,1,PLAYA DEL CARMEN,1,BENITO JUAREZ,590,1,21.0,19.0,8.0,7.0,0.0,0.0,0.0,1.0,6.0,0.0,0.0,2.0,64.0,260
3,23,QUINTANA ROO,1,PLAYA DEL CARMEN,1,BENITO JUAREZ,591,1,39.0,57.0,11.0,11.0,4.0,2.0,4.0,1.0,4.0,1.0,0.0,4.0,138.0,676
3,23,QUINTANA ROO,1,PLAYA DEL CARMEN,1,BENITO JUAREZ,592,1,32.0,37.0,16.0,16.0,9.0,2.0,3.0,2.0,4.0,0.0,0.0,5.0,126.0,510
3,23,QUINTANA ROO,1,PLAYA DEL CARMEN,1,BENITO JUAREZ,593,1,17.0,32.0,12.0,7.0,3.0,4.0,7.0,0.0,2.0,0.0,0.0,1.0,85.0,253
3,23,QUINTANA ROO,1,PLAYA DEL CARMEN,1,BENITO JUAREZ,594,1,36.0,50.0,12.0,31.0,4.0,2.0,10.0,2.0,7.0,1.0,2.0,19.0,176.0,493
3,23,QUINTANA ROO,1,PLAYA DEL CARMEN,1,BENITO JUAREZ,595,1,,,,,,,,,,,,,,581
3,23,QUINTANA ROO,1,PLAYA DEL CARMEN,1,BENITO JUAREZ,596,1,36.0,31.0,17.0,17.0,3.0,2.0,9.0,4.0,2.0,1.0,0.0,12.0,134.0,475
3,23,QUINTANA ROO,1,PLAYA DEL CARMEN,1,BENITO JUAREZ,597,1,16.0,14.0,5.0,3.0,5.0,2.0,2.0,0.0,0.0,0.0,0.0,4.0,51.0,173
3,23,QUINTANA ROO,1,PLAYA DEL CARMEN,1,BENITO JUAREZ,598,1,43.0,60.0,12.0,14.0,6.0,3.0,5.0,5.0,6.0,0.0,0.0,16.0,170.0,526
3,23,QUINTANA ROO,1,PLAYA DEL CARMEN,1,BENITO JUAREZ,599,1,37.0,43.0,15.0,19.0,4.0,1.0,2.0,1.0,5.0,0.0,1.0,14.0,142.0,472
3,23,QUINTANA ROO,1,PLAYA DEL CARMEN,1,BENITO JUAREZ,600,1,15.0,25.0,9.0,1.0,3.0,0.0,3.0,0.0,1.0,1.0,0.0,3.0,61.0,242
3,23,QUINTANA ROO,1,PLAYA DEL CARMEN,1,BENITO JUAREZ,601,1,33.0,65.0,23.0,22.0,3.0,4.0,9.0,0.0,6.0,0.0,0.0,8.0,173.0,675
3,23,QUINTANA ROO,1,PLAYA DEL CARMEN,1,BENITO JUAREZ,602,1,24.0,65.0,11.0,19.0,3.0,1.0,4.0,4.0,5.0,0.0,0.0,9.0,145.0,503
3,23,QUINTANA ROO,1,PLAYA DEL CARMEN,1,BENITO JUAREZ,603,1,23.0,23.0,15.0,5.0,4.0,1.0,2.0,2.0,6.0,0.0,0.0,10.0,91.0,661
3,23,QUINTANA ROO,1,PLAYA DEL CARMEN,1,BENITO JUAREZ,604,2,46.0,118.0,43.0,40.0,12.0,4.0,6.0,5.0,19.0,0.0,1.0,16.0,310.0,963
3,23,QUINTANA ROO,1,PLAYA DEL CARMEN,1,BENITO JUAREZ,605,1,34.0,37.0,13.0,13.0,8.0,2.0,6.0,0.0,2.0,0.0,0.0,3.0,118.0,417
3,23,QUINTANA ROO,1,PLAYA DEL CARMEN,1,BENITO JUAREZ,606,1,47.0,59.0,17.0,15.0,14.0,1.0,8.0,3.0,5.0,1.0,0.0,22.0,192.0,647
3,23,QUINTANA ROO,1,PLAYA DEL CARMEN,1,BENITO JUAREZ,607,1,50.0,73.0,28.0,24.0,7.0,0.0,7.0,2.0,19.0,0.0,0.0,16.0,226.0,607
3,23,QUINTANA ROO,1,PLAYA DEL CARMEN,1,BENITO JUAREZ,608,1,41.0,53.0,13.0,14.0,3.0,0.0,3.0,2.0,7.0,1.0,0.0,7.0,144.0,482
3,23,QUINTANA ROO,1,PLAYA DEL CARMEN,1,BENITO JUAREZ,609,1,37.0,53.0,23.0,20.0,2.0,4.0,9.0,10.0,4.0,0.0,0.0,25.0,187.0,628
3,23,QUINTANA ROO,1,PLAYA DEL CARMEN,1,BENITO JUAREZ,610,1,41.0,40.0,10.0,20.0,2.0,2.0,4.0,2.0,4.0,0.0,0.0,16.0,141.0,475
3,23,QUINTANA ROO,1,PLAYA DEL CARMEN,1,BENITO JUAREZ,611,1,47.0,65.0,18.0,11.0,7.0,3.0,6.0,1.0,1.0,1.0,1.0,14.0,175.0,603
3,23,QUINTANA ROO,1,PLAYA DEL CARMEN,1,BENITO JUAREZ,612,1,59.0,38.0,23.0,18.0,8.0,1.0,10.0,4.0,3.0,0.0,1.0,17.0,182.0,637
3,23,QUINTANA ROO,1,PLAYA DEL CARMEN,1,BENITO JUAREZ,613,1,41.0,49.0,15.0,32.0,1.0,1.0,9.0,5.0,4.0,0.0,0.0,13.0,170.0,633
3,23,QUINTANA ROO,1,PLAYA DEL CARMEN,1,BENITO JUAREZ,614,1,44.0,31.0,26.0,25.0,4.0,2.0,9.0,4.0,4.0,0.0,1.0,14.0,164.0,467
3,23,QUINTANA ROO,1,PLAYA DEL CARMEN,1,BENITO JUAREZ,615,1,65.0,45.0,7.0,20.0,6.0,3.0,11.0,5.0,4.0,0.0,3.0,11.0,180.0,431
3,23,QUINTANA ROO,1,PLAYA DEL CARMEN,1,BENITO JUAREZ,616,1,74.0,48.0,22.0,19.0,3.0,1.0,15.0,2.0,6.0,0.0,0.0,11.0,201.0,557
3,23,QUINTANA ROO,1,PLAYA DEL CARMEN,1,BENITO JUAREZ,617,1,56.0,45.0,20.0,30.0,4.0,0.0,12.0,5.0,1.0,0.0,3.0,17.0,193.0,502
3,23,QUINTANA ROO,1,PLAYA DEL CARMEN,1,BENITO JUAREZ,618,1,13.0,56.0,16.0,7.0,3.0,0.0,3.0,0.0,5.0,0.0,0.0,8.0,111.0,289
3,23,QUINTANA ROO,1,PLAYA DEL CARMEN,1,BENITO JUAREZ,619,1,28.0,34.0,9.0,4.0,2.0,2.0,0.0,1.0,0.0,0.0,0.0,5.0,85.0,287
3,23,QUINTANA ROO,1,PLAYA DEL CARMEN,1,BENITO JUAREZ,620,1,40.0,95.0,33.0,20.0,5.0,3.0,3.0,1.0,9.0,1.0,0.0,15.0,225.0,716
3,23,QUINTANA ROO,1,PLAYA DEL CARMEN,1,BENITO JUAREZ,621,1,47.0,53.0,20.0,24.0,9.0,1.0,17.0,3.0,7.0,1.0,1.0,15.0,198.0,507
3,23,QUINTANA ROO,1,PLAYA DEL CARMEN,1,BENITO JUAREZ,622,1,34.0,21.0,16.0,23.0,4.0,2.0,4.0,1.0,1.0,1.0,0.0,12.0,119.0,277
3,23,QUINTANA ROO,1,PLAYA DEL CARMEN,1,BENITO JUAREZ,623,1,73.0,37.0,13.0,17.0,2.0,6.0,8.0,2.0,11.0,0.0,2.0,17.0,188.0,475
3,23,QUINTANA ROO,1,PLAYA DEL CARMEN,1,BENITO JUAREZ,624,1,17.0,20.0,4.0,9.0,6.0,2.0,4.0,1.0,1.0,0.0,0.0,3.0,67.0,199
3,23,QUINTANA ROO,1,PLAYA DEL CARMEN,1,BENITO JUAREZ,625,1,48.0,45.0,20.0,21.0,4.0,3.0,7.0,5.0,3.0,0.0,1.0,8.0,165.0,495
3,23,QUINTANA ROO,1,PLAYA DEL CARMEN,1,BENITO JUAREZ,626,2,113.0,62.0,27.0,39.0,13.0,0.0,13.0,6.0,1.0,1.0,3.0,23.0,301.0,866
3,23,QUINTANA ROO,1,PLAYA DEL CARMEN,1,BENITO JUAREZ,627,1,49.0,22.0,7.0,20.0,5.0,0.0,6.0,3.0,5.0,0.0,3.0,6.0,126.0,279
3,23,QUINTANA ROO,1,PLAYA DEL CARMEN,1,BENITO JUAREZ,628,1,67.0,33.0,18.0,13.0,5.0,2.0,7.0,0.0,3.0,0.0,1.0,6.0,155.0,464
3,23,QUINTANA ROO,1,PLAYA DEL CARMEN,1,BENITO JUAREZ,629,1,10.0,13.0,5.0,4.0,0.0,3.0,3.0,1.0,3.0,0.0,0.0,7.0,49.0,128
3,23,QUINTANA ROO,1,PLAYA DEL CARMEN,1,BENITO JUAREZ,630,1,13.0,17.0,4.0,2.0,2.0,1.0,3.0,0.0,6.0,1.0,0.0,7.0,56.0,153
3,23,QUINTANA ROO,1,PLAYA DEL CARMEN,1,BENITO JUAREZ,631,1,46.0,138.0,17.0,13.0,9.0,10.0,2.0,1.0,8.0,1.0,0.0,12.0,257.0,566
3,23,QUINTANA ROO,1,PLAYA DEL CARMEN,1,BENITO JUAREZ,632,1,22.0,15.0,7.0,6.0,5.0,0.0,4.0,1.0,4.0,2.0,0.0,2.0,68.0,168
3,23,QUINTANA ROO,1,PLAYA DEL CARMEN,1,BENITO JUAREZ,633,1,43.0,133.0,18.0,16.0,11.0,2.0,5.0,0.0,29.0,0.0,0.0,10.0,267.0,638
3,23,QUINTANA ROO,1,PLAYA DEL CARMEN,1,BENITO JUAREZ,634,1,,,,,,,,,,,,,,281
3,23,QUINTANA ROO,1,PLAYA DEL CARMEN,1,BENITO JUAREZ,635,1,32.0,112.0,25.0,12.0,5.0,2.0,1.0,0.0,24.0,0.0,0.0,13.0,226.0,616
3,23,QUINTANA ROO,1,PLAYA DEL CARMEN,1,BENITO JUAREZ,636,2,16.0,39.0,11.0,12.0,1.0,3.0,0.0,1.0,3.0,1.0,0.0,7.0,94.0,863
3,23,QUINTANA ROO,1,PLAYA DEL CARMEN,1,BENITO JUAREZ,637,1,10.0,12.0,7.0,1.0,3.0,1.0,3.0,0.0,2.0,0.0,0.0,3.0,42.0,128
3,23,QUINTANA ROO,1,PLAYA DEL CARMEN,1,BENITO JUAREZ,638,1,22.0,23.0,11.0,8.0,2.0,2.0,1.0,3.0,4.0,2.0,0.0,4.0,82.0,257
3,23,QUINTANA ROO,1,PLAYA DEL CARMEN,1,BENITO JUAREZ,639,1,31.0,18.0,7.0,9.0,1.0,3.0,1.0,0.0,1.0,0.0,0.0,1.0,72.0,224
3,23,QUINTANA ROO,1,PLAYA DEL CARMEN,1,BENITO JUAREZ,640,1,24.0,31.0,10.0,6.0,2.0,3.0,0.0,1.0,8.0,1.0,1.0,5.0,92.0,314
3,23,QUINTANA ROO,1,PLAYA DEL CARMEN,1,BENITO JUAREZ,641,1,21.0,45.0,11.0,0.0,2.0,2.0,0.0,0.0,6.0,2.0,0.0,1.0,90.0,186
3,23,QUINTANA ROO,1,PLAYA DEL CARMEN,8,SOLIDARIDAD,668,1,42.0,115.0,16.0,20.0,7.0,2.0,4.0,1.0,4.0,0.0,0.0,14.0,225.0,526
3,23,QUINTANA ROO,1,PLAYA DEL CARMEN,8,SOLIDARIDAD,669,1,46.0,149.0,26.0,12.0,5.0,3.0,3.0,1.0,11.0,0.0,0.0,20.0,276.0,652
3,23,QUINTANA ROO,1,PLAYA DEL CARMEN,8,SOLIDARIDAD,670,1,33.0,65.0,7.0,8.0,5.0,2.0,2.0,2.0,2.0,0.0,1.0,2.0,129.0,361
3,23,QUINTANA ROO,1,PLAYA DEL CARMEN,8,SOLIDARIDAD,671,1,30.0,88.0,10.0,10.0,3.0,2.0,6.0,0.0,1.0,0.0,0.0,9.0,159.0,462
3,23,QUINTANA ROO,1,PLAYA DEL CARMEN,8,SOLIDARIDAD,672,1,35.0,99.0,15.0,20.0,4.0,5.0,7.0,1.0,9.0,0.0,0.0,11.0,206.0,587
3,23,QUINTANA ROO,1,PLAYA DEL CARMEN,8,SOLIDARIDAD,673,1,35.0,21.0,9.0,10.0,4.0,0.0,1.0,2.0,0.0,0.0,1.0,9.0,92.0,273
3,23,QUINTANA ROO,1,PLAYA DEL CARMEN,8,SOLIDARIDAD,674,2,90.0,67.0,20.0,37.0,1.0,1.0,5.0,4.0,1.0,0.0,1.0,51.0,278.0,859
3,23,QUINTANA ROO,1,PLAYA DEL CARMEN,8,SOLIDARIDAD,675,1,25.0,80.0,6.0,3.0,4.0,0.0,8.0,0.0,3.0,0.0,0.0,6.0,135.0,368
3,23,QUINTANA ROO,1,PLAYA DEL CARMEN,8,SOLIDARIDAD,676,1,29.0,89.0,18.0,9.0,7.0,5.0,7.0,1.0,1.0,0.0,0.0,2.0,168.0,417
3,23,QUINTANA ROO,1,PLAYA DEL CARMEN,8,SOLIDARIDAD,677,1,17.0,69.0,10.0,4.0,2.0,0.0,2.0,0.0,3.0,0.0,0.0,11.0,118.0,297
3,23,QUINTANA ROO,1,PLAYA DEL CARMEN,8,SOLIDARIDAD,678,1,34.0,103.0,21.0,24.0,8.0,6.0,9.0,2.0,5.0,0.0,0.0,12.0,224.0,595
3,23,QUINTANA ROO,1,PLAYA DEL CARMEN,8,SOLIDARIDAD,679,1,43.0,87.0,21.0,8.0,5.0,5.0,4.0,1.0,10.0,1.0,0.0,11.0,196.0,500
3,23,QUINTANA ROO,1,PLAYA DEL CARMEN,8,SOLIDARIDAD,680,2,59.0,119.0,34.0,17.0,4.0,3.0,19.0,3.0,5.0,0.0,1.0,15.0,279.0,920
3,23,QUINTANA ROO,1,PLAYA DEL CARMEN,8,SOLIDARIDAD,681,1,45.0,86.0,18.0,13.0,3.0,1.0,5.0,0.0,3.0,0.0,1.0,7.0,182.0,532
3,23,QUINTANA ROO,1,PLAYA DEL CARMEN,8,SOLIDARIDAD,682,2,54.0,276.0,44.0,17.0,4.0,6.0,4.0,4.0,22.0,0.0,0.0,12.0,443.0,1075
3,23,QUINTANA ROO,1,PLAYA DEL CARMEN,8,SOLIDARIDAD,683,2,113.0,271.0,50.0,20.0,10.0,9.0,3.0,3.0,15.0,0.0,0.0,17.0,511.0,1096
3,23,QUINTANA ROO,1,PLAYA DEL CARMEN,8,SOLIDARIDAD,684,1,42.0,96.0,10.0,6.0,6.0,5.0,2.0,1.0,7.0,0.0,0.0,20.0,195.0,464
3,23,QUINTANA ROO,1,PLAYA DEL CARMEN,8,SOLIDARIDAD,685,2,74.0,224.0,43.0,14.0,8.0,8.0,6.0,1.0,10.0,0.0,0.0,17.0,405.0,1113
3,23,QUINTANA ROO,1,PLAYA DEL CARMEN,8,SOLIDARIDAD,686,2,62.0,174.0,35.0,10.0,5.0,2.0,3.0,0.0,16.0,0.0,0.0,13.0,320.0,1081
3,23,QUINTANA ROO,1,PLAYA DEL CARMEN,8,SOLIDARIDAD,687,2,39.0,149.0,28.0,10.0,10.0,5.0,4.0,0.0,4.0,2.0,0.0,20.0,271.0,894
3,23,QUINTANA ROO,1,PLAYA DEL CARMEN,8,SOLIDARIDAD,688,2,46.0,133.0,25.0,6.0,4.0,2.0,7.0,0.0,8.0,0.0,1.0,20.0,252.0,876
3,23,QUINTANA ROO,1,PLAYA DEL CARMEN,8,SOLIDARIDAD,689,2,56.0,148.0,42.0,9.0,7.0,4.0,12.0,1.0,15.0,0.0,0.0,16.0,310.0,850
3,23,QUINTANA ROO,1,PLAYA DEL CARMEN,8,SOLIDARIDAD,690,1,29.0,89.0,13.0,7.0,3.0,2.0,5.0,0.0,8.0,1.0,1.0,13.0,171.0,511
3,23,QUINTANA ROO,1,PLAYA DEL CARMEN,8,SOLIDARIDAD,691,1,40.0,100.0,26.0,9.0,9.0,3.0,1.0,1.0,10.0,0.0,0.0,9.0,208.0,735
3,23,QUINTANA ROO,1,PLAYA DEL CARMEN,8,SOLIDARIDAD,692,2,28.0,112.0,28.0,7.0,4.0,1.0,4.0,2.0,19.0,0.0,0.0,9.0,214.0,840
3,23,QUINTANA ROO,1,PLAYA DEL CARMEN,8,SOLIDARIDAD,693,2,33.0,154.0,25.0,7.0,9.0,11.0,1.0,1.0,7.0,1.0,0.0,10.0,259.0,827
3,23,QUINTANA ROO,1,PLAYA DEL CARMEN,8,SOLIDARIDAD,694,2,68.0,130.0,17.0,25.0,14.0,2.0,18.0,5.0,1.0,0.0,1.0,17.0,298.0,859
3,23,QUINTANA ROO,1,PLAYA DEL CARMEN,8,SOLIDARIDAD,695,1,50.0,103.0,21.0,30.0,6.0,5.0,5.0,0.0,3.0,0.0,0.0,8.0,231.0,617
3,23,QUINTANA ROO,1,PLAYA DEL CARMEN,8,SOLIDARIDAD,696,1,35.0,96.0,10.0,22.0,5.0,1.0,13.0,5.0,5.0,1.0,1.0,14.0,208.0,558
3,23,QUINTANA ROO,1,PLAYA DEL CARMEN,8,SOLIDARIDAD,697,1,33.0,72.0,19.0,9.0,1.0,0.0,9.0,0.0,1.0,0.0,0.0,6.0,150.0,444
3,23,QUINTANA ROO,1,PLAYA DEL CARMEN,8,SOLIDARIDAD,698,1,29.0,75.0,17.0,13.0,4.0,0.0,8.0,2.0,7.0,1.0,0.0,7.0,163.0,505
3,23,QUINTANA ROO,1,PLAYA DEL CARMEN,8,SOLIDARIDAD,699,1,29.0,73.0,16.0,7.0,4.0,3.0,8.0,0.0,3.0,1.0,0.0,9.0,153.0,339
3,23,QUINTANA ROO,1,PLAYA DEL CARMEN,8,SOLIDARIDAD,700,1,68.0,123.0,19.0,13.0,6.0,7.0,11.0,0.0,9.0,2.0,0.0,16.0,274.0,627
3,23,QUINTANA ROO,1,PLAYA DEL CARMEN,8,SOLIDARIDAD,701,1,70.0,174.0,30.0,19.0,8.0,4.0,6.0,1.0,9.0,0.0,0.0,8.0,329.0,716
3,23,QUINTANA ROO,1,PLAYA DEL CARMEN,8,SOLIDARIDAD,702,1,36.0,115.0,29.0,9.0,3.0,2.0,9.0,1.0,10.0,0.0,0.0,10.0,224.0,504
3,23,QUINTANA ROO,1,PLAYA DEL CARMEN,8,SOLIDARIDAD,703,2,26.0,69.0,12.0,14.0,5.0,2.0,9.0,1.0,2.0,1.0,0.0,7.0,148.0,794
3,23,QUINTANA ROO,1,PLAYA DEL CARMEN,8,SOLIDARIDAD,704,1,63.0,98.0,10.0,19.0,9.0,3.0,11.0,3.0,2.0,0.0,0.0,18.0,236.0,723
3,23,QUINTANA ROO,1,PLAYA DEL CARMEN,8,SOLIDARIDAD,705,1,48.0,72.0,23.0,14.0,1.0,1.0,6.0,3.0,9.0,1.0,0.0,12.0,190.0,618
3,23,QUINTANA ROO,1,PLAYA DEL CARMEN,8,SOLIDARIDAD,706,1,42.0,58.0,3.0,11.0,7.0,4.0,4.0,3.0,2.0,0.0,1.0,8.0,143.0,434
3,23,QUINTANA ROO,1,PLAYA DEL CARMEN,8,SOLIDARIDAD,707,1,,,,,,,,,,,,,,508
3,23,QUINTANA ROO,1,PLAYA DEL CARMEN,8,SOLIDARIDAD,708,1,52.0,77.0,11.0,15.0,3.0,0.0,8.0,3.0,4.0,0.0,2.0,15.0,190.0,571
3,23,QUINTANA ROO,1,PLAYA DEL CARMEN,8,SOLIDARIDAD,709,2,70.0,89.0,31.0,22.0,11.0,5.0,12.0,3.0,3.0,0.0,1.0,23.0,270.0,753
3,23,QUINTANA ROO,1,PLAYA DEL CARMEN,8,SOLIDARIDAD,710,2,51.0,146.0,22.0,15.0,5.0,9.0,9.0,3.0,21.0,2.0,0.0,13.0,296.0,910
3,23,QUINTANA ROO,1,PLAYA DEL CARMEN,8,SOLIDARIDAD,711,2,48.0,171.0,42.0,13.0,11.0,4.0,2.0,1.0,13.0,2.0,0.0,12.0,319.0,982
3,23,QUINTANA ROO,1,PLAYA DEL CARMEN,8,SOLIDARIDAD,712,1,40.0,76.0,17.0,11.0,1.0,1.0,7.0,2.0,4.0,0.0,0.0,12.0,171.0,502
3,23,QUINTANA ROO,1,PLAYA DEL CARMEN,8,SOLIDARIDAD,713,2,36.0,184.0,27.0,16.0,5.0,14.0,6.0,2.0,3.0,0.0,0.0,9.0,302.0,923
3,23,QUINTANA ROO,1,PLAYA DEL CARMEN,8,SOLIDARIDAD,714,2,53.0,139.0,29.0,10.0,7.0,9.0,5.0,2.0,13.0,0.0,0.0,18.0,285.0,823
3,23,QUINTANA ROO,1,PLAYA DEL CARMEN,8,SOLIDARIDAD,715,2,30.0,60.0,21.0,4.0,2.0,0.0,3.0,1.0,5.0,1.0,0.0,7.0,134.0,890
3,23,QUINTANA ROO,1,PLAYA DEL CARMEN,8,SOLIDARIDAD,716,1,31.0,73.0,21.0,8.0,7.0,4.0,3.0,0.0,11.0,1.0,0.0,7.0,166.0,496
3,23,QUINTANA ROO,1,PLAYA DEL CARMEN,8,SOLIDARIDAD,717,2,20.0,91.0,14.0,7.0,8.0,1.0,0.0,0.0,6.0,0.0,0.0,3.0,150.0,951
3,23,QUINTANA ROO,1,PLAYA DEL CARMEN,8,SOLIDARIDAD,718,2,56.0,198.0,47.0,6.0,7.0,6.0,8.0,3.0,15.0,0.0,0.0,14.0,360.0,1171
3,23,QUINTANA ROO,1,PLAYA DEL CARMEN,8,SOLIDARIDAD,719,2,60.0,164.0,32.0,11.0,3.0,4.0,6.0,1.0,14.0,3.0,0.0,10.0,308.0,987
3,23,QUINTANA ROO,1,PLAYA DEL CARMEN,8,SOLIDARIDAD,720,2,,,,,,,,,,,,,,1232
3,23,QUINTANA ROO,1,PLAYA DEL CARMEN,8,SOLIDARIDAD,721,2,53.0,175.0,30.0,6.0,2.0,2.0,4.0,0.0,10.0,0.0,0.0,13.0,295.0,1081
3,23,QUINTANA ROO,1,PLAYA DEL CARMEN,8,SOLIDARIDAD,722,2,19.0,68.0,17.0,7.0,4.0,1.0,2.0,2.0,10.0,0.0,0.0,8.0,138.0,1122
3,23,QUINTANA ROO,1,PLAYA DEL CARMEN,8,SOLIDARIDAD,723,1,,,,,,,,,,,,,,414
3,23,QUINTANA ROO,1,PLAYA DEL CARMEN,8,SOLIDARIDAD,724,1,45.0,119.0,15.0,8.0,4.0,1.0,1.0,0.0,5.0,0.0,0.0,9.0,207.0,740
3,23,QUINTANA ROO,1,PLAYA DEL CARMEN,8,SOLIDARIDAD,725,3,35.0,134.0,17.0,6.0,5.0,4.0,4.0,0.0,12.0,0.0,0.0,12.0,229.0,1506
3,23,QUINTANA ROO,1,PLAYA DEL CARMEN,8,SOLIDARIDAD,726,2,41.0,172.0,25.0,10.0,5.0,0.0,7.0,2.0,13.0,0.0,0.0,16.0,291.0,1026
3,23,QUINTANA ROO,1,PLAYA DEL CARMEN,8,SOLIDARIDAD,727,2,51.0,167.0,24.0,18.0,3.0,2.0,7.0,2.0,13.0,0.0,0.0,8.0,295.0,1038
3,23,QUINTANA ROO,1,PLAYA DEL CARMEN,8,SOLIDARIDAD,728,1,20.0,74.0,20.0,8.0,3.0,1.0,2.0,3.0,8.0,0.0,0.0,7.0,146.0,422
3,23,QUINTANA ROO,1,PLAYA DEL CARMEN,8,SOLIDARIDAD,729,2,95.0,106.0,11.0,28.0,2.0,2.0,15.0,5.0,8.0,0.0,3.0,30.0,305.0,822
3,23,QUINTANA ROO,1,PLAYA DEL CARMEN,8,SOLIDARIDAD,730,1,34.0,48.0,18.0,10.0,4.0,1.0,6.0,3.0,2.0,0.0,4.0,10.0,140.0,347
3,23,QUINTANA ROO,1,PLAYA DEL CARMEN,8,SOLIDARIDAD,731,1,26.0,82.0,15.0,15.0,8.0,4.0,5.0,3.0,6.0,0.0,1.0,10.0,175.0,491
3,23,QUINTANA ROO,1,PLAYA DEL CARMEN,8,SOLIDARIDAD,732,1,29.0,92.0,16.0,11.0,2.0,4.0,6.0,4.0,8.0,1.0,0.0,11.0,184.0,556
3,23,QUINTANA ROO,1,PLAYA DEL CARMEN,8,SOLIDARIDAD,733,1,37.0,85.0,23.0,18.0,9.0,9.0,4.0,1.0,4.0,0.0,0.0,10.0,200.0,558
3,23,QUINTANA ROO,1,PLAYA DEL CARMEN,8,SOLIDARIDAD,734,1,,,,,,,,,,,,,,233
3,23,QUINTANA ROO,1,PLAYA DEL CARMEN,8,SOLIDARIDAD,735,1,18.0,63.0,12.0,10.0,2.0,1.0,2.0,0.0,1.0,0.0,0.0,4.0,113.0,241
3,23,QUINTANA ROO,1,PLAYA DEL CARMEN,8,SOLIDARIDAD,736,1,42.0,67.0,6.0,7.0,5.0,1.0,5.0,3.0,3.0,0.0,0.0,8.0,147.0,631
3,23,QUINTANA ROO,1,PLAYA DEL CARMEN,8,SOLIDARIDAD,737,2,44.0,131.0,25.0,12.0,5.0,1.0,3.0,2.0,13.0,2.0,0.0,5.0,243.0,921
3,23,QUINTANA ROO,1,PLAYA DEL CARMEN,8,SOLIDARIDAD,738,2,71.0,146.0,14.0,7.0,6.0,3.0,3.0,1.0,12.0,0.0,0.0,14.0,277.0,1038
3,23,QUINTANA ROO,1,PLAYA DEL CARMEN,8,SOLIDARIDAD,739,2,52.0,122.0,18.0,10.0,3.0,4.0,4.0,0.0,7.0,1.0,0.0,12.0,233.0,884
3,23,QUINTANA ROO,1,PLAYA DEL CARMEN,8,SOLIDARIDAD,740,2,73.0,211.0,20.0,13.0,7.0,2.0,9.0,0.0,16.0,0.0,0.0,13.0,364.0,1291
3,23,QUINTANA ROO,1,PLAYA DEL CARMEN,8,SOLIDARIDAD,741,2,39.0,166.0,11.0,7.0,8.0,1.0,7.0,1.0,12.0,1.0,0.0,5.0,258.0,978
3,23,QUINTANA ROO,2,CHETUMAL,3,FELIPE CARRILLO PUERTO,215,3,31.0,391.0,39.0,45.0,20.0,6.0,18.0,5.0,,1.0,1.0,38.0,595.0,1545
3,23,QUINTANA ROO,2,CHETUMAL,3,FELIPE CARRILLO PUERTO,216,2,21.0,220.0,26.0,9.0,3.0,2.0,25.0,2.0,,1.0,0.0,29.0,338.0,779
3,23,QUINTANA ROO,2,CHETUMAL,3,FELIPE CARRILLO PUERTO,217,2,28.0,274.0,39.0,38.0,12.0,4.0,20.0,1.0,,0.0,0.0,40.0,456.0,1224
3,23,QUINTANA ROO,2,CHETUMAL,3,FELIPE CARRILLO PUERTO,218,2,36.0,331.0,39.0,29.0,11.0,6.0,23.0,5.0,,0.0,0.0,40.0,520.0,1275
3,23,QUINTANA ROO,2,CHETUMAL,3,FELIPE CARRILLO PUERTO,219,2,20.0,244.0,16.0,9.0,13.0,4.0,14.0,1.0,,0.0,0.0,24.0,345.0,843
3,23,QUINTANA ROO,2,CHETUMAL,3,FELIPE CARRILLO PUERTO,220,2,27.0,285.0,25.0,18.0,13.0,4.0,8.0,8.0,,2.0,1.0,36.0,427.0,907
3,23,QUINTANA ROO,2,CHETUMAL,3,FELIPE CARRILLO PUERTO,221,3,67.0,340.0,21.0,30.0,16.0,0.0,29.0,4.0,,0.0,0.0,45.0,552.0,889
3,23,QUINTANA ROO,2,CHETUMAL,3,FELIPE CARRILLO PUERTO,222,3,60.0,364.0,37.0,19.0,22.0,5.0,24.0,11.0,,1.0,0.0,64.0,607.0,1513
3,23,QUINTANA ROO,2,CHETUMAL,3,FELIPE CARRILLO PUERTO,223,3,61.0,319.0,35.0,75.0,25.0,4.0,22.0,4.0,,0.0,0.0,46.0,591.0,1611
3,23,QUINTANA ROO,2,CHETUMAL,3,FELIPE CARRILLO PUERTO,224,2,33.0,256.0,22.0,21.0,4.0,5.0,26.0,1.0,,0.0,0.0,22.0,390.0,1031
3,23,QUINTANA ROO,2,CHETUMAL,3,FELIPE CARRILLO PUERTO,225,2,34.0,304.0,24.0,30.0,26.0,6.0,22.0,3.0,,1.0,1.0,49.0,500.0,1309
3,23,QUINTANA ROO,2,CHETUMAL,3,FELIPE CARRILLO PUERTO,226,2,37.0,370.0,34.0,39.0,29.0,4.0,41.0,5.0,,0.0,0.0,33.0,592.0,1411
3,23,QUINTANA ROO,2,CHETUMAL,3,FELIPE CARRILLO PUERTO,227,3,130.0,427.0,65.0,19.0,36.0,3.0,14.0,1.0,,0.0,0.0,32.0,727.0,1531
3,23,QUINTANA ROO,2,CHETUMAL,3,FELIPE CARRILLO PUERTO,228,2,166.0,364.0,52.0,31.0,36.0,2.0,23.0,5.0,,0.0,0.0,20.0,699.0,1247
3,23,QUINTANA ROO,2,CHETUMAL,3,FELIPE CARRILLO PUERTO,229,2,320.0,367.0,107.0,17.0,28.0,2.0,18.0,0.0,,1.0,0.0,32.0,892.0,1438
3,23,QUINTANA ROO,2,CHETUMAL,3,FELIPE CARRILLO PUERTO,230,2,46.0,258.0,39.0,13.0,7.0,3.0,16.0,2.0,,0.0,0.0,62.0,446.0,689
3,23,QUINTANA ROO,2,CHETUMAL,3,FELIPE CARRILLO PUERTO,231,2,28.0,230.0,140.0,16.0,32.0,1.0,6.0,1.0,,0.0,0.0,14.0,468.0,1014
3,23,QUINTANA ROO,2,CHETUMAL,3,FELIPE CARRILLO PUERTO,232,3,51.0,328.0,195.0,48.0,31.0,10.0,22.0,3.0,,0.0,0.0,63.0,751.0,1259
3,23,QUINTANA ROO,2,CHETUMAL,3,FELIPE CARRILLO PUERTO,233,2,87.0,299.0,61.0,14.0,11.0,3.0,5.0,3.0,,0.0,0.0,33.0,516.0,866
3,23,QUINTANA ROO,2,CHETUMAL,3,FELIPE CARRILLO PUERTO,234,5,147.0,576.0,171.0,31.0,67.0,10.0,37.0,6.0,,0.0,0.0,28.0,1073.0,2048
3,23,QUINTANA ROO,2,CHETUMAL,3,FELIPE CARRILLO PUERTO,235,2,67.0,358.0,72.0,13.0,33.0,3.0,62.0,2.0,,0.0,0.0,24.0,634.0,1183
3,23,QUINTANA ROO,2,CHETUMAL,3,FELIPE CARRILLO PUERTO,236,1,2.0,26.0,9.0,0.0,0.0,0.0,2.0,0.0,,0.0,0.0,0.0,39.0,108
3,23,QUINTANA ROO,2,CHETUMAL,3,FELIPE CARRILLO PUERTO,237,2,70.0,350.0,48.0,27.0,13.0,3.0,15.0,1.0,,0.0,0.0,31.0,558.0,925
3,23,QUINTANA ROO,2,CHETUMAL,3,FELIPE CARRILLO PUERTO,238,3,82.0,363.0,134.0,48.0,23.0,12.0,15.0,4.0,,2.0,0.0,63.0,746.0,1291
3,23,QUINTANA ROO,2,CHETUMAL,3,FELIPE CARRILLO PUERTO,239,2,53.0,396.0,117.0,27.0,47.0,5.0,18.0,1.0,,0.0,0.0,45.0,709.0,1356
3,23,QUINTANA ROO,2,CHETUMAL,3,FELIPE CARRILLO PUERTO,240,2,24.0,266.0,44.0,14.0,4.0,1.0,5.0,1.0,,1.0,0.0,15.0,375.0,777
3,23,QUINTANA ROO,2,CHETUMAL,3,FELIPE CARRILLO PUERTO,241,3,49.0,348.0,188.0,22.0,14.0,3.0,64.0,2.0,,0.0,0.0,23.0,713.0,1621
3,23,QUINTANA ROO,2,CHETUMAL,3,FELIPE CARRILLO PUERTO,242,2,26.0,309.0,115.0,13.0,13.0,2.0,33.0,0.0,,0.0,0.0,19.0,530.0,1171
3,23,QUINTANA ROO,2,CHETUMAL,3,FELIPE CARRILLO PUERTO,243,1,14.0,136.0,10.0,14.0,2.0,2.0,6.0,0.0,,0.0,0.0,6.0,190.0,349
3,23,QUINTANA ROO,2,CHETUMAL,3,FELIPE CARRILLO PUERTO,244,3,43.0,431.0,76.0,14.0,97.0,5.0,8.0,2.0,,1.0,0.0,49.0,726.0,1207
3,23,QUINTANA ROO,2,CHETUMAL,3,FELIPE CARRILLO PUERTO,245,1,19.0,133.0,24.0,18.0,20.0,5.0,37.0,0.0,,0.0,0.0,25.0,281.0,573
3,23,QUINTANA ROO,2,CHETUMAL,3,FELIPE CARRILLO PUERTO,247,4,117.0,424.0,92.0,37.0,51.0,9.0,58.0,1.0,,4.0,0.0,72.0,865.0,1778
3,23,QUINTANA ROO,2,CHETUMAL,3,FELIPE CARRILLO PUERTO,248,1,39.0,108.0,5.0,4.0,4.0,2.0,1.0,0.0,,0.0,0.0,57.0,220.0,375
3,23,QUINTANA ROO,2,CHETUMAL,3,FELIPE CARRILLO PUERTO,249,3,99.0,401.0,99.0,40.0,20.0,2.0,54.0,3.0,,0.0,0.0,45.0,763.0,1766
3,23,QUINTANA ROO,2,CHETUMAL,3,FELIPE CARRILLO PUERTO,250,2,71.0,289.0,39.0,37.0,16.0,2.0,48.0,0.0,,0.0,0.0,51.0,553.0,835
3,23,QUINTANA ROO,2,CHETUMAL,3,FELIPE CARRILLO PUERTO,251,3,107.0,360.0,134.0,62.0,26.0,10.0,44.0,0.0,,1.0,0.0,55.0,799.0,1530
3,23,QUINTANA ROO,2,CHETUMAL,5,JOSE MARIA MORELOS,262,3,101.0,538.0,27.0,69.0,9.0,3.0,25.0,3.0,,0.0,1.0,31.0,807.0,1854
3,23,QUINTANA ROO,2,CHETUMAL,5,JOSE MARIA MORELOS,263,4,104.0,465.0,26.0,50.0,16.0,1.0,31.0,0.0,,1.0,0.0,12.0,706.0,1629
3,23,QUINTANA ROO,2,CHETUMAL,5,JOSE MARIA MORELOS,264,3,70.0,445.0,30.0,81.0,8.0,2.0,28.0,3.0,,0.0,0.0,22.0,689.0,1537
3,23,QUINTANA ROO,2,CHETUMAL,5,JOSE MARIA MORELOS,265,3,101.0,502.0,28.0,70.0,23.0,4.0,45.0,4.0,,0.0,0.0,28.0,805.0,2027
3,23,QUINTANA ROO,2,CHETUMAL,5,JOSE MARIA MORELOS,266,1,118.0,197.0,9.0,18.0,7.0,0.0,12.0,0.0,,0.0,0.0,7.0,368.0,670
3,23,QUINTANA ROO,2,CHETUMAL,5,JOSE MARIA MORELOS,267,1,76.0,195.0,47.0,10.0,6.0,2.0,3.0,0.0,,0.0,0.0,5.0,344.0,596
3,23,QUINTANA ROO,2,CHETUMAL,5,JOSE MARIA MORELOS,268,3,117.0,544.0,83.0,17.0,19.0,4.0,41.0,2.0,,0.0,0.0,30.0,857.0,1857
3,23,QUINTANA ROO,2,CHETUMAL,5,JOSE MARIA MORELOS,269,1,54.0,216.0,19.0,15.0,11.0,4.0,9.0,1.0,,0.0,0.0,15.0,344.0,677
3,23,QUINTANA ROO,2,CHETUMAL,5,JOSE MARIA MORELOS,270,2,63.0,198.0,33.0,30.0,11.0,6.0,108.0,0.0,,2.0,0.0,8.0,459.0,1077
3,23,QUINTANA ROO,2,CHETUMAL,5,JOSE MARIA MORELOS,271,2,54.0,221.0,26.0,28.0,7.0,1.0,83.0,0.0,,0.0,0.0,11.0,431.0,927
3,23,QUINTANA ROO,2,CHETUMAL,5,JOSE MARIA MORELOS,272,1,59.0,138.0,17.0,5.0,29.0,0.0,3.0,2.0,,0.0,0.0,5.0,258.0,492
3,23,QUINTANA ROO,2,CHETUMAL,5,JOSE MARIA MORELOS,273,3,130.0,315.0,34.0,41.0,29.0,3.0,81.0,4.0,,1.0,0.0,23.0,661.0,1253
3,23,QUINTANA ROO,2,CHETUMAL,5,JOSE MARIA MORELOS,274,2,161.0,312.0,14.0,39.0,5.0,0.0,42.0,0.0,,0.0,0.0,8.0,581.0,1098
3,23,QUINTANA ROO,2,CHETUMAL,5,JOSE MARIA MORELOS,275,2,161.0,211.0,31.0,12.0,27.0,2.0,28.0,0.0,,0.0,0.0,17.0,489.0,991
3,23,QUINTANA ROO,2,CHETUMAL,5,JOSE MARIA MORELOS,276,2,144.0,218.0,33.0,27.0,18.0,1.0,22.0,2.0,,0.0,0.0,7.0,472.0,948
3,23,QUINTANA ROO,2,CHETUMAL,5,JOSE MARIA MORELOS,277,1,25.0,109.0,13.0,5.0,3.0,2.0,8.0,2.0,,0.0,0.0,7.0,174.0,386
3,23,QUINTANA ROO,2,CHETUMAL,5,JOSE MARIA MORELOS,278,1,65.0,154.0,45.0,10.0,14.0,0.0,17.0,1.0,,0.0,0.0,11.0,317.0,640
3,23,QUINTANA ROO,2,CHETUMAL,5,JOSE MARIA MORELOS,279,1,81.0,128.0,12.0,6.0,0.0,2.0,2.0,0.0,,0.0,0.0,3.0,234.0,462
3,23,QUINTANA ROO,2,CHETUMAL,5,JOSE MARIA MORELOS,280,1,58.0,115.0,11.0,7.0,3.0,0.0,3.0,0.0,,0.0,0.0,4.0,201.0,430
3,23,QUINTANA ROO,2,CHETUMAL,5,JOSE MARIA MORELOS,281,1,19.0,51.0,5.0,7.0,1.0,0.0,1.0,0.0,,0.0,0.0,1.0,85.0,193
3,23,QUINTANA ROO,2,CHETUMAL,5,JOSE MARIA MORELOS,282,1,90.0,157.0,27.0,14.0,12.0,0.0,2.0,3.0,,0.0,0.0,5.0,310.0,584
3,23,QUINTANA ROO,2,CHETUMAL,5,JOSE MARIA MORELOS,283,1,27.0,101.0,31.0,9.0,13.0,2.0,1.0,1.0,,0.0,0.0,16.0,201.0,511
3,23,QUINTANA ROO,2,CHETUMAL,7,OTHON P. BLANCO,298,1,58.0,83.0,8.0,26.0,7.0,1.0,16.0,2.0,,2.0,0.0,14.0,217.0,714
3,23,QUINTANA ROO,2,CHETUMAL,7,OTHON P. BLANCO,299,2,83.0,74.0,25.0,27.0,7.0,2.0,11.0,2.0,,0.0,0.0,20.0,251.0,761
3,23,QUINTANA ROO,2,CHETUMAL,7,OTHON P. BLANCO,300,3,104.0,339.0,25.0,87.0,14.0,8.0,56.0,8.0,,2.0,1.0,64.0,708.0,1712
3,23,QUINTANA ROO,2,CHETUMAL,7,OTHON P. BLANCO,301,1,17.0,44.0,3.0,12.0,0.0,0.0,8.0,0.0,,0.0,1.0,5.0,90.0,187
3,23,QUINTANA ROO,2,CHETUMAL,7,OTHON P. BLANCO,302,3,95.0,229.0,25.0,48.0,19.0,5.0,32.0,10.0,,0.0,1.0,30.0,494.0,1374
3,23,QUINTANA ROO,2,CHETUMAL,7,OTHON P. BLANCO,303,2,83.0,136.0,28.0,52.0,15.0,2.0,35.0,1.0,,0.0,0.0,31.0,383.0,1198
3,23,QUINTANA ROO,2,CHETUMAL,7,OTHON P. BLANCO,304,2,88.0,152.0,31.0,40.0,3.0,2.0,26.0,4.0,,1.0,0.0,33.0,380.0,1191
3,23,QUINTANA ROO,2,CHETUMAL,7,OTHON P. BLANCO,305,2,77.0,157.0,27.0,43.0,8.0,3.0,48.0,3.0,,0.0,0.0,39.0,405.0,1132
3,23,QUINTANA ROO,2,CHETUMAL,7,OTHON P. BLANCO,306,2,58.0,191.0,21.0,48.0,11.0,6.0,44.0,6.0,,0.0,3.0,46.0,434.0,1038
3,23,QUINTANA ROO,2,CHETUMAL,7,OTHON P. BLANCO,307,7,319.0,557.0,93.0,163.0,40.0,17.0,98.0,19.0,,3.0,1.0,126.0,1436.0,4848
3,23,QUINTANA ROO,2,CHETUMAL,7,OTHON P. BLANCO,308,2,85.0,171.0,17.0,35.0,14.0,4.0,20.0,0.0,,1.0,2.0,20.0,369.0,1152
3,23,QUINTANA ROO,2,CHETUMAL,7,OTHON P. BLANCO,309,2,108.0,198.0,30.0,45.0,9.0,1.0,24.0,2.0,,0.0,0.0,45.0,462.0,1475
3,23,QUINTANA ROO,2,CHETUMAL,7,OTHON P. BLANCO,310,2,119.0,161.0,18.0,52.0,6.0,7.0,20.0,9.0,,2.0,0.0,33.0,427.0,1277
3,23,QUINTANA ROO,2,CHETUMAL,7,OTHON P. BLANCO,311,2,64.0,145.0,19.0,32.0,11.0,0.0,19.0,3.0,,3.0,0.0,25.0,321.0,1142
3,23,QUINTANA ROO,2,CHETUMAL,7,OTHON P. BLANCO,312,2,72.0,122.0,16.0,38.0,19.0,5.0,27.0,2.0,,0.0,0.0,36.0,337.0,1127
3,23,QUINTANA ROO,2,CHETUMAL,7,OTHON P. BLANCO,313,1,32.0,90.0,8.0,31.0,6.0,3.0,7.0,2.0,,0.0,1.0,19.0,199.0,575
3,23,QUINTANA ROO,2,CHETUMAL,7,OTHON P. BLANCO,314,1,38.0,75.0,9.0,22.0,5.0,0.0,11.0,1.0,,2.0,0.0,24.0,187.0,449
3,23,QUINTANA ROO,2,CHETUMAL,7,OTHON P. BLANCO,315,3,106.0,278.0,42.0,70.0,23.0,7.0,53.0,8.0,,0.0,1.0,66.0,654.0,1199
3,23,QUINTANA ROO,2,CHETUMAL,7,OTHON P. BLANCO,317,2,91.0,213.0,23.0,57.0,10.0,7.0,73.0,7.0,,1.0,5.0,80.0,567.0,1350
3,23,QUINTANA ROO,2,CHETUMAL,7,OTHON P. BLANCO,318,2,77.0,190.0,25.0,39.0,11.0,1.0,36.0,5.0,,1.0,4.0,55.0,444.0,1117
3,23,QUINTANA ROO,2,CHETUMAL,7,OTHON P. BLANCO,319,2,68.0,217.0,17.0,53.0,11.0,4.0,39.0,5.0,,0.0,5.0,56.0,475.0,1041
3,23,QUINTANA ROO,2,CHETUMAL,7,OTHON P. BLANCO,320,2,59.0,194.0,10.0,43.0,5.0,5.0,45.0,4.0,,0.0,0.0,31.0,396.0,1095
3,23,QUINTANA ROO,2,CHETUMAL,7,OTHON P. BLANCO,321,2,66.0,134.0,9.0,47.0,11.0,4.0,26.0,2.0,,0.0,1.0,24.0,324.0,762
3,23,QUINTANA ROO,2,CHETUMAL,7,OTHON P. BLANCO,322,2,59.0,148.0,22.0,40.0,25.0,5.0,28.0,2.0,,0.0,1.0,45.0,375.0,1029
3,23,QUINTANA ROO,2,CHETUMAL,7,OTHON P. BLANCO,323,2,39.0,163.0,9.0,37.0,7.0,1.0,32.0,6.0,,2.0,0.0,36.0,332.0,815
3,23,QUINTANA ROO,2,CHETUMAL,7,OTHON P. BLANCO,324,1,28.0,42.0,2.0,19.0,0.0,0.0,5.0,2.0,,0.0,0.0,11.0,109.0,256
3,23,QUINTANA ROO,2,CHETUMAL,7,OTHON P. BLANCO,325,2,58.0,136.0,14.0,26.0,3.0,0.0,16.0,2.0,,0.0,0.0,27.0,282.0,870
3,23,QUINTANA ROO,2,CHETUMAL,7,OTHON P. BLANCO,326,2,81.0,146.0,13.0,35.0,14.0,1.0,25.0,4.0,,0.0,2.0,50.0,371.0,1086
3,23,QUINTANA ROO,2,CHETUMAL,7,OTHON P. BLANCO,327,1,45.0,102.0,17.0,39.0,10.0,1.0,21.0,1.0,,0.0,0.0,29.0,265.0,704
3,23,QUINTANA ROO,2,CHETUMAL,7,OTHON P. BLANCO,328,2,61.0,185.0,15.0,38.0,6.0,3.0,21.0,4.0,,0.0,1.0,45.0,379.0,905
3,23,QUINTANA ROO,2,CHETUMAL,7,OTHON P. BLANCO,329,2,64.0,184.0,16.0,52.0,7.0,2.0,31.0,5.0,,0.0,0.0,32.0,393.0,891
3,23,QUINTANA ROO,2,CHETUMAL,7,OTHON P. BLANCO,330,2,72.0,218.0,16.0,34.0,14.0,4.0,34.0,7.0,,0.0,0.0,51.0,450.0,1226
3,23,QUINTANA ROO,2,CHETUMAL,7,OTHON P. BLANCO,331,2,48.0,160.0,14.0,33.0,5.0,1.0,24.0,4.0,,1.0,0.0,44.0,334.0,863
3,23,QUINTANA ROO,2,CHETUMAL,7,OTHON P. BLANCO,332,2,89.0,288.0,14.0,56.0,14.0,4.0,20.0,6.0,,1.0,2.0,75.0,569.0,1134
3,23,QUINTANA ROO,2,CHETUMAL,7,OTHON P. BLANCO,333,2,65.0,319.0,19.0,46.0,8.0,6.0,42.0,9.0,,2.0,3.0,63.0,582.0,1262
3,23,QUINTANA ROO,2,CHETUMAL,7,OTHON P. BLANCO,334,3,126.0,342.0,27.0,75.0,25.0,4.0,47.0,9.0,,1.0,5.0,81.0,742.0,1873
3,23,QUINTANA ROO,2,CHETUMAL,7,OTHON P. BLANCO,335,2,95.0,189.0,27.0,46.0,20.0,4.0,15.0,4.0,,3.0,0.0,31.0,434.0,1235
3,23,QUINTANA ROO,2,CHETUMAL,7,OTHON P. BLANCO,336,1,36.0,78.0,14.0,29.0,8.0,5.0,23.0,4.0,,0.0,1.0,19.0,217.0,689
3,23,QUINTANA ROO,2,CHETUMAL,7,OTHON P. BLANCO,337,3,121.0,255.0,42.0,90.0,24.0,7.0,41.0,2.0,,0.0,2.0,37.0,621.0,1584
3,23,QUINTANA ROO,2,CHETUMAL,7,OTHON P. BLANCO,338,2,81.0,176.0,17.0,42.0,9.0,4.0,34.0,7.0,,1.0,1.0,37.0,409.0,1006
3,23,QUINTANA ROO,2,CHETUMAL,7,OTHON P. BLANCO,339,2,65.0,141.0,21.0,47.0,12.0,3.0,20.0,4.0,,0.0,0.0,30.0,343.0,949
3,23,QUINTANA ROO,2,CHETUMAL,7,OTHON P. BLANCO,340,1,21.0,122.0,6.0,18.0,4.0,1.0,15.0,6.0,,0.0,0.0,18.0,211.0,443
3,23,QUINTANA ROO,2,CHETUMAL,7,OTHON P. BLANCO,341,1,38.0,111.0,20.0,19.0,2.0,3.0,13.0,4.0,,0.0,0.0,22.0,232.0,620
3,23,QUINTANA ROO,2,CHETUMAL,7,OTHON P. BLANCO,342,2,91.0,214.0,14.0,54.0,9.0,2.0,35.0,4.0,,0.0,2.0,38.0,463.0,1228
3,23,QUINTANA ROO,2,CHETUMAL,7,OTHON P. BLANCO,343,2,82.0,220.0,26.0,65.0,12.0,3.0,36.0,12.0,,0.0,0.0,46.0,502.0,1213
3,23,QUINTANA ROO,2,CHETUMAL,7,OTHON P. BLANCO,344,2,96.0,211.0,41.0,50.0,12.0,6.0,34.0,0.0,,0.0,1.0,38.0,489.0,1243
3,23,QUINTANA ROO,2,CHETUMAL,7,OTHON P. BLANCO,345,1,47.0,111.0,8.0,26.0,10.0,6.0,20.0,2.0,,0.0,0.0,16.0,246.0,554
3,23,QUINTANA ROO,2,CHETUMAL,7,OTHON P. BLANCO,346,2,81.0,133.0,13.0,28.0,9.0,2.0,23.0,5.0,,0.0,0.0,33.0,327.0,915
3,23,QUINTANA ROO,2,CHETUMAL,7,OTHON P. BLANCO,347,2,98.0,158.0,11.0,26.0,15.0,6.0,23.0,2.0,,0.0,0.0,37.0,376.0,1089
3,23,QUINTANA ROO,2,CHETUMAL,7,OTHON P. BLANCO,348,1,54.0,114.0,6.0,14.0,15.0,3.0,9.0,1.0,,0.0,1.0,23.0,240.0,690
3,23,QUINTANA ROO,2,CHETUMAL,7,OTHON P. BLANCO,349,2,72.0,130.0,21.0,32.0,8.0,3.0,13.0,3.0,,2.0,0.0,29.0,313.0,828
3,23,QUINTANA ROO,2,CHETUMAL,7,OTHON P. BLANCO,350,1,33.0,101.0,8.0,14.0,1.0,3.0,13.0,2.0,,0.0,0.0,19.0,194.0,526
3,23,QUINTANA ROO,2,CHETUMAL,7,OTHON P. BLANCO,351,1,44.0,91.0,10.0,20.0,7.0,4.0,13.0,9.0,,1.0,0.0,37.0,236.0,549
3,23,QUINTANA ROO,2,CHETUMAL,7,OTHON P. BLANCO,352,2,102.0,195.0,17.0,46.0,7.0,3.0,28.0,7.0,,0.0,1.0,42.0,448.0,1074
3,23,QUINTANA ROO,2,CHETUMAL,7,OTHON P. BLANCO,353,2,57.0,142.0,15.0,37.0,13.0,4.0,12.0,1.0,,0.0,0.0,22.0,303.0,920
3,23,QUINTANA ROO,2,CHETUMAL,7,OTHON P. BLANCO,354,2,63.0,163.0,7.0,36.0,7.0,6.0,21.0,2.0,,0.0,1.0,45.0,351.0,835
3,23,QUINTANA ROO,2,CHETUMAL,7,OTHON P. BLANCO,355,1,39.0,122.0,12.0,28.0,5.0,2.0,11.0,1.0,,0.0,1.0,30.0,251.0,641
3,23,QUINTANA ROO,2,CHETUMAL,7,OTHON P. BLANCO,356,1,31.0,126.0,17.0,22.0,5.0,5.0,41.0,2.0,,0.0,0.0,18.0,267.0,702
3,23,QUINTANA ROO,2,CHETUMAL,7,OTHON P. BLANCO,357,2,69.0,176.0,22.0,34.0,14.0,5.0,38.0,2.0,,0.0,1.0,39.0,400.0,1119
3,23,QUINTANA ROO,2,CHETUMAL,7,OTHON P. BLANCO,358,2,76.0,153.0,21.0,23.0,15.0,8.0,49.0,8.0,,1.0,2.0,38.0,394.0,1044
3,23,QUINTANA ROO,2,CHETUMAL,7,OTHON P. BLANCO,359,2,81.0,213.0,24.0,57.0,6.0,2.0,28.0,2.0,,0.0,0.0,25.0,438.0,1170
3,23,QUINTANA ROO,2,CHETUMAL,7,OTHON P. BLANCO,360,1,45.0,129.0,10.0,27.0,8.0,5.0,21.0,4.0,,0.0,0.0,36.0,285.0,735
3,23,QUINTANA ROO,2,CHETUMAL,7,OTHON P. BLANCO,361,2,88.0,173.0,22.0,51.0,9.0,4.0,34.0,5.0,,0.0,0.0,30.0,416.0,1244
3,23,QUINTANA ROO,2,CHETUMAL,7,OTHON P. BLANCO,362,2,70.0,134.0,21.0,51.0,11.0,3.0,22.0,0.0,,1.0,0.0,36.0,349.0,955
3,23,QUINTANA ROO,2,CHETUMAL,7,OTHON P. BLANCO,363,2,66.0,176.0,24.0,44.0,9.0,3.0,44.0,4.0,,0.0,0.0,35.0,405.0,1378
3,23,QUINTANA ROO,2,CHETUMAL,7,OTHON P. BLANCO,364,2,60.0,202.0,12.0,38.0,11.0,2.0,9.0,2.0,,0.0,2.0,44.0,382.0,772
3,23,QUINTANA ROO,2,CHETUMAL,7,OTHON P. BLANCO,365,2,87.0,219.0,27.0,45.0,7.0,4.0,34.0,3.0,,1.0,1.0,47.0,475.0,1229
3,23,QUINTANA ROO,2,CHETUMAL,7,OTHON P. BLANCO,366,2,54.0,188.0,16.0,20.0,5.0,3.0,28.0,2.0,,1.0,1.0,36.0,354.0,801
3,23,QUINTANA ROO,2,CHETUMAL,7,OTHON P. BLANCO,367,2,54.0,147.0,14.0,34.0,8.0,4.0,24.0,3.0,,0.0,0.0,41.0,329.0,764
3,23,QUINTANA ROO,2,CHETUMAL,7,OTHON P. BLANCO,368,2,59.0,195.0,23.0,31.0,3.0,12.0,12.0,3.0,,0.0,1.0,38.0,377.0,1001
3,23,QUINTANA ROO,2,CHETUMAL,7,OTHON P. BLANCO,369,1,35.0,99.0,7.0,20.0,6.0,2.0,11.0,3.0,,0.0,0.0,24.0,207.0,542
3,23,QUINTANA ROO,2,CHETUMAL,7,OTHON P. BLANCO,370,1,32.0,128.0,13.0,24.0,10.0,5.0,14.0,2.0,,0.0,1.0,24.0,253.0,736
3,23,QUINTANA ROO,2,CHETUMAL,7,OTHON P. BLANCO,371,2,106.0,193.0,20.0,59.0,9.0,4.0,29.0,5.0,,0.0,0.0,57.0,482.0,1373
3,23,QUINTANA ROO,2,CHETUMAL,7,OTHON P. BLANCO,372,1,26.0,69.0,6.0,12.0,5.0,1.0,10.0,2.0,,0.0,0.0,12.0,143.0,463
3,23,QUINTANA ROO,2,CHETUMAL,7,OTHON P. BLANCO,374,1,34.0,157.0,13.0,26.0,7.0,1.0,17.0,4.0,,1.0,2.0,21.0,283.0,714
3,23,QUINTANA ROO,2,CHETUMAL,7,OTHON P. BLANCO,375,2,63.0,160.0,31.0,59.0,12.0,4.0,21.0,7.0,,0.0,1.0,45.0,403.0,1069
3,23,QUINTANA ROO,2,CHETUMAL,7,OTHON P. BLANCO,377,2,102.0,417.0,8.0,48.0,5.0,2.0,25.0,4.0,,0.0,2.0,56.0,669.0,1487
3,23,QUINTANA ROO,2,CHETUMAL,7,OTHON P. BLANCO,378,2,94.0,227.0,28.0,45.0,15.0,8.0,45.0,11.0,,1.0,2.0,37.0,513.0,1120
3,23,QUINTANA ROO,2,CHETUMAL,7,OTHON P. BLANCO,379,1,44.0,127.0,14.0,38.0,7.0,4.0,7.0,7.0,,0.0,0.0,30.0,278.0,717
3,23,QUINTANA ROO,2,CHETUMAL,7,OTHON P. BLANCO,380,2,68.0,197.0,16.0,30.0,4.0,4.0,16.0,5.0,,0.0,4.0,38.0,382.0,886
3,23,QUINTANA ROO,2,CHETUMAL,7,OTHON P. BLANCO,381,1,30.0,81.0,7.0,15.0,2.0,2.0,11.0,3.0,,0.0,0.0,14.0,165.0,458
3,23,QUINTANA ROO,2,CHETUMAL,7,OTHON P. BLANCO,382,2,46.0,167.0,16.0,36.0,8.0,3.0,27.0,4.0,,0.0,2.0,32.0,341.0,902
3,23,QUINTANA ROO,2,CHETUMAL,7,OTHON P. BLANCO,383,1,56.0,130.0,5.0,31.0,5.0,4.0,14.0,1.0,,0.0,2.0,28.0,276.0,680
3,23,QUINTANA ROO,2,CHETUMAL,7,OTHON P. BLANCO,384,1,55.0,83.0,36.0,16.0,21.0,0.0,9.0,0.0,,0.0,0.0,21.0,241.0,709
3,23,QUINTANA ROO,2,CHETUMAL,7,OTHON P. BLANCO,385,2,83.0,169.0,25.0,14.0,45.0,1.0,74.0,2.0,,0.0,0.0,15.0,428.0,945
3,23,QUINTANA ROO,2,CHETUMAL,7,OTHON P. BLANCO,386,1,29.0,75.0,13.0,8.0,5.0,0.0,3.0,1.0,,0.0,0.0,12.0,146.0,391
3,23,QUINTANA ROO,2,CHETUMAL,7,OTHON P. BLANCO,387,1,29.0,77.0,28.0,8.0,76.0,1.0,8.0,3.0,,1.0,0.0,8.0,239.0,522
3,23,QUINTANA ROO,2,CHETUMAL,7,OTHON P. BLANCO,388,1,35.0,102.0,12.0,6.0,10.0,1.0,54.0,3.0,,0.0,0.0,8.0,231.0,482
3,23,QUINTANA ROO,2,CHETUMAL,7,OTHON P. BLANCO,389,1,100.0,122.0,18.0,5.0,22.0,5.0,33.0,0.0,,0.0,0.0,13.0,318.0,659
3,23,QUINTANA ROO,2,CHETUMAL,7,OTHON P. BLANCO,390,1,69.0,87.0,23.0,9.0,29.0,3.0,21.0,1.0,,1.0,0.0,17.0,260.0,580
3,23,QUINTANA ROO,2,CHETUMAL,7,OTHON P. BLANCO,391,1,71.0,73.0,4.0,3.0,2.0,1.0,23.0,1.0,,0.0,0.0,7.0,185.0,504
3,23,QUINTANA ROO,2,CHETUMAL,7,OTHON P. BLANCO,392,3,34.0,176.0,40.0,27.0,17.0,6.0,47.0,3.0,,0.0,0.0,13.0,363.0,1557
3,23,QUINTANA ROO,2,CHETUMAL,7,OTHON P. BLANCO,393,1,12.0,40.0,16.0,3.0,2.0,2.0,3.0,0.0,,0.0,0.0,3.0,81.0,298
3,23,QUINTANA ROO,2,CHETUMAL,7,OTHON P. BLANCO,394,2,38.0,135.0,23.0,11.0,100.0,2.0,21.0,3.0,,1.0,0.0,27.0,361.0,813
3,23,QUINTANA ROO,2,CHETUMAL,7,OTHON P. BLANCO,395,1,27.0,51.0,22.0,11.0,2.0,2.0,39.0,0.0,,0.0,0.0,8.0,162.0,404
3,23,QUINTANA ROO,2,CHETUMAL,7,OTHON P. BLANCO,396,4,242.0,361.0,52.0,90.0,107.0,21.0,71.0,2.0,,4.0,0.0,71.0,1021.0,2343
3,23,QUINTANA ROO,2,CHETUMAL,7,OTHON P. BLANCO,397,1,27.0,121.0,16.0,7.0,50.0,2.0,4.0,1.0,,0.0,0.0,4.0,232.0,538
3,23,QUINTANA ROO,2,CHETUMAL,7,OTHON P. BLANCO,398,1,29.0,38.0,18.0,2.0,26.0,0.0,5.0,0.0,,0.0,0.0,18.0,136.0,374
3,23,QUINTANA ROO,2,CHETUMAL,7,OTHON P. BLANCO,399,1,4.0,24.0,3.0,2.0,0.0,1.0,5.0,1.0,,0.0,0.0,4.0,44.0,134
3,23,QUINTANA ROO,2,CHETUMAL,7,OTHON P. BLANCO,400,1,21.0,129.0,9.0,5.0,8.0,4.0,4.0,0.0,,1.0,0.0,10.0,191.0,565
3,23,QUINTANA ROO,2,CHETUMAL,7,OTHON P. BLANCO,401,1,30.0,53.0,17.0,8.0,52.0,3.0,5.0,1.0,,2.0,0.0,5.0,176.0,437
3,23,QUINTANA ROO,2,CHETUMAL,7,OTHON P. BLANCO,402,1,46.0,107.0,30.0,6.0,20.0,3.0,18.0,0.0,,1.0,0.0,11.0,242.0,650
3,23,QUINTANA ROO,2,CHETUMAL,7,OTHON P. BLANCO,403,4,123.0,256.0,98.0,9.0,76.0,6.0,12.0,1.0,,0.0,0.0,25.0,606.0,1199
3,23,QUINTANA ROO,2,CHETUMAL,7,OTHON P. BLANCO,404,2,55.0,116.0,38.0,11.0,41.0,2.0,3.0,0.0,,0.0,0.0,11.0,277.0,823
3,23,QUINTANA ROO,2,CHETUMAL,7,OTHON P. BLANCO,405,3,53.0,266.0,80.0,49.0,84.0,9.0,77.0,4.0,,3.0,0.0,30.0,655.0,2110
3,23,QUINTANA ROO,2,CHETUMAL,7,OTHON P. BLANCO,406,2,27.0,147.0,15.0,18.0,15.0,4.0,77.0,1.0,,15.0,0.0,24.0,343.0,905
3,23,QUINTANA ROO,2,CHETUMAL,7,OTHON P. BLANCO,407,2,41.0,205.0,40.0,27.0,61.0,4.0,85.0,5.0,,2.0,1.0,27.0,498.0,1314
3,23,QUINTANA ROO,2,CHETUMAL,7,OTHON P. BLANCO,408,3,53.0,240.0,40.0,33.0,101.0,3.0,89.0,1.0,,2.0,1.0,32.0,595.0,1695
3,23,QUINTANA ROO,2,CHETUMAL,7,OTHON P. BLANCO,409,2,28.0,162.0,12.0,22.0,35.0,2.0,88.0,1.0,,1.0,1.0,26.0,378.0,864
3,23,QUINTANA ROO,2,CHETUMAL,7,OTHON P. BLANCO,410,3,38.0,136.0,16.0,9.0,8.0,5.0,19.0,2.0,,0.0,0.0,26.0,259.0,1020
3,23,QUINTANA ROO,2,CHETUMAL,7,OTHON P. BLANCO,411,1,42.0,79.0,29.0,16.0,6.0,4.0,6.0,3.0,,2.0,0.0,15.0,202.0,590
3,23,QUINTANA ROO,2,CHETUMAL,7,OTHON P. BLANCO,412,1,70.0,97.0,31.0,17.0,8.0,8.0,28.0,0.0,,0.0,0.0,6.0,265.0,662
3,23,QUINTANA ROO,2,CHETUMAL,7,OTHON P. BLANCO,413,2,99.0,214.0,47.0,17.0,16.0,4.0,9.0,2.0,,0.0,0.0,23.0,431.0,1486
3,23,QUINTANA ROO,2,CHETUMAL,7,OTHON P. BLANCO,414,2,44.0,88.0,44.0,15.0,58.0,0.0,5.0,0.0,,0.0,0.0,18.0,272.0,1103
3,23,QUINTANA ROO,2,CHETUMAL,7,OTHON P. BLANCO,415,3,125.0,183.0,56.0,37.0,40.0,2.0,9.0,2.0,,1.0,0.0,35.0,490.0,1616
3,23,QUINTANA ROO,2,CHETUMAL,7,OTHON P. BLANCO,416,1,66.0,106.0,12.0,3.0,14.0,3.0,1.0,0.0,,0.0,0.0,13.0,218.0,530
3,23,QUINTANA ROO,2,CHETUMAL,7,OTHON P. BLANCO,417,2,77.0,205.0,75.0,22.0,27.0,6.0,5.0,1.0,,0.0,0.0,14.0,432.0,1110
3,23,QUINTANA ROO,2,CHETUMAL,7,OTHON P. BLANCO,418,2,65.0,224.0,37.0,22.0,36.0,4.0,42.0,0.0,,0.0,0.0,23.0,453.0,1230
3,23,QUINTANA ROO,2,CHETUMAL,7,OTHON P. BLANCO,419,2,58.0,271.0,56.0,20.0,51.0,5.0,27.0,0.0,,1.0,0.0,33.0,522.0,1453
3,23,QUINTANA ROO,2,CHETUMAL,7,OTHON P. BLANCO,420,3,112.0,239.0,36.0,19.0,70.0,7.0,17.0,0.0,,3.0,1.0,52.0,556.0,1322
3,23,QUINTANA ROO,2,CHETUMAL,7,OTHON P. BLANCO,421,2,78.0,158.0,24.0,17.0,16.0,5.0,1.0,0.0,,0.0,0.0,15.0,314.0,846
3,23,QUINTANA ROO,2,CHETUMAL,7,OTHON P. BLANCO,422,2,55.0,276.0,38.0,49.0,21.0,7.0,11.0,2.0,,1.0,0.0,20.0,480.0,1230
3,23,QUINTANA ROO,2,CHETUMAL,7,OTHON P. BLANCO,423,3,102.0,294.0,59.0,30.0,45.0,3.0,10.0,2.0,,2.0,0.0,28.0,575.0,1596
3,23,QUINTANA ROO,2,CHETUMAL,7,OTHON P. BLANCO,424,2,107.0,165.0,29.0,12.0,28.0,2.0,18.0,4.0,,1.0,0.0,21.0,387.0,1033
3,23,QUINTANA ROO,2,CHETUMAL,7,OTHON P. BLANCO,425,3,112.0,217.0,25.0,32.0,6.0,2.0,18.0,3.0,,0.0,0.0,37.0,452.0,1508
3,23,QUINTANA ROO,2,CHETUMAL,7,OTHON P. BLANCO,426,2,150.0,193.0,46.0,32.0,6.0,9.0,12.0,5.0,,0.0,1.0,32.0,486.0,1190
3,23,QUINTANA ROO,2,CHETUMAL,7,OTHON P. BLANCO,427,2,90.0,186.0,25.0,30.0,19.0,4.0,31.0,3.0,,2.0,0.0,44.0,434.0,1257
3,23,QUINTANA ROO,2,CHETUMAL,7,OTHON P. BLANCO,428,2,114.0,197.0,48.0,44.0,16.0,4.0,14.0,3.0,,2.0,0.0,42.0,484.0,1499
3,23,QUINTANA ROO,2,CHETUMAL,7,OTHON P. BLANCO,429,3,187.0,456.0,83.0,44.0,25.0,11.0,39.0,2.0,,5.0,0.0,39.0,891.0,1862
3,23,QUINTANA ROO,2,CHETUMAL,7,OTHON P. BLANCO,430,1,80.0,174.0,37.0,18.0,10.0,4.0,8.0,0.0,,0.0,0.0,14.0,345.0,620
3,23,QUINTANA ROO,2,CHETUMAL,7,OTHON P. BLANCO,431,2,53.0,251.0,30.0,21.0,14.0,3.0,17.0,4.0,,1.0,0.0,19.0,413.0,933
3,23,QUINTANA ROO,2,CHETUMAL,7,OTHON P. BLANCO,432,1,39.0,133.0,30.0,8.0,41.0,6.0,20.0,2.0,,3.0,0.0,19.0,301.0,677
3,23,QUINTANA ROO,2,CHETUMAL,7,OTHON P. BLANCO,433,2,74.0,272.0,60.0,29.0,61.0,10.0,42.0,0.0,,4.0,0.0,21.0,573.0,1322
3,23,QUINTANA ROO,2,CHETUMAL,7,OTHON P. BLANCO,434,1,4.0,22.0,3.0,3.0,2.0,0.0,4.0,0.0,,0.0,0.0,1.0,39.0,107
3,23,QUINTANA ROO,2,CHETUMAL,7,OTHON P. BLANCO,435,1,15.0,131.0,24.0,18.0,20.0,1.0,5.0,1.0,,2.0,0.0,13.0,230.0,641
3,23,QUINTANA ROO,2,CHETUMAL,7,OTHON P. BLANCO,436,2,34.0,94.0,35.0,13.0,47.0,4.0,43.0,1.0,,3.0,0.0,15.0,289.0,783
3,23,QUINTANA ROO,2,CHETUMAL,7,OTHON P. BLANCO,437,2,36.0,328.0,34.0,42.0,20.0,9.0,22.0,2.0,,3.0,0.0,17.0,513.0,1378
3,23,QUINTANA ROO,2,CHETUMAL,7,OTHON P. BLANCO,438,2,99.0,275.0,49.0,34.0,16.0,7.0,60.0,2.0,,0.0,0.0,19.0,561.0,1256
3,23,QUINTANA ROO,2,CHETUMAL,7,OTHON P. BLANCO,439,2,40.0,285.0,86.0,14.0,76.0,12.0,12.0,1.0,,4.0,0.0,51.0,581.0,1266
3,23,QUINTANA ROO,2,CHETUMAL,7,OTHON P. BLANCO,440,1,64.0,166.0,16.0,27.0,14.0,3.0,28.0,0.0,,1.0,0.0,14.0,333.0,683
3,23,QUINTANA ROO,2,CHETUMAL,7,OTHON P. BLANCO,441,2,99.0,240.0,76.0,20.0,55.0,11.0,62.0,1.0,,4.0,0.0,29.0,597.0,1196
3,23,QUINTANA ROO,2,CHETUMAL,7,OTHON P. BLANCO,442,1,16.0,72.0,7.0,2.0,12.0,1.0,1.0,1.0,,0.0,0.0,2.0,114.0,233
3,23,QUINTANA ROO,2,CHETUMAL,7,OTHON P. BLANCO,443,1,34.0,74.0,27.0,15.0,5.0,2.0,6.0,1.0,,0.0,0.0,9.0,173.0,518
3,23,QUINTANA ROO,2,CHETUMAL,7,OTHON P. BLANCO,444,1,13.0,73.0,12.0,4.0,7.0,0.0,5.0,0.0,,0.0,0.0,8.0,122.0,538
3,23,QUINTANA ROO,2,CHETUMAL,7,OTHON P. BLANCO,445,1,40.0,41.0,11.0,5.0,1.0,0.0,4.0,0.0,,0.0,1.0,5.0,108.0,209
3,23,QUINTANA ROO,2,CHETUMAL,7,OTHON P. BLANCO,446,2,71.0,134.0,58.0,15.0,12.0,2.0,29.0,2.0,,0.0,0.0,19.0,342.0,865
3,23,QUINTANA ROO,2,CHETUMAL,7,OTHON P. BLANCO,447,1,17.0,93.0,4.0,1.0,6.0,1.0,0.0,0.0,,0.0,0.0,9.0,131.0,395
3,23,QUINTANA ROO,2,CHETUMAL,7,OTHON P. BLANCO,448,2,70.0,206.0,16.0,17.0,4.0,2.0,3.0,2.0,,3.0,0.0,5.0,328.0,878
3,23,QUINTANA ROO,2,CHETUMAL,7,OTHON P. BLANCO,449,21,923.0,1699.0,249.0,476.0,143.0,59.0,365.0,30.0,,10.0,5.0,358.0,4317.0,15667
3,23,QUINTANA ROO,2,CHETUMAL,7,OTHON P. BLANCO,450,1,20.0,134.0,4.0,2.0,2.0,1.0,0.0,1.0,,0.0,0.0,8.0,172.0,617
3,23,QUINTANA ROO,3,CANCUN,1,BENITO JUAREZ,4,3,93.0,305.0,63.0,51.0,27.0,7.0,8.0,6.0,26.0,1.0,0.0,38.0,625.0,2220
3,23,QUINTANA ROO,3,CANCUN,1,BENITO JUAREZ,5,6,191.0,462.0,122.0,106.0,46.0,18.0,27.0,14.0,46.0,0.0,0.0,70.0,1102.0,3836
3,23,QUINTANA ROO,3,CANCUN,1,BENITO JUAREZ,6,2,43.0,110.0,33.0,27.0,21.0,5.0,10.0,3.0,4.0,0.0,0.0,19.0,275.0,1016
3,23,QUINTANA ROO,3,CANCUN,1,BENITO JUAREZ,7,3,68.0,279.0,67.0,44.0,34.0,9.0,12.0,3.0,33.0,2.0,0.0,37.0,588.0,1886
3,23,QUINTANA ROO,3,CANCUN,1,BENITO JUAREZ,8,2,38.0,150.0,37.0,34.0,9.0,5.0,3.0,5.0,27.0,0.0,2.0,26.0,336.0,1122
3,23,QUINTANA ROO,3,CANCUN,1,BENITO JUAREZ,9,2,46.0,134.0,31.0,24.0,6.0,5.0,11.0,3.0,29.0,1.0,0.0,15.0,305.0,940
3,23,QUINTANA ROO,3,CANCUN,1,BENITO JUAREZ,10,2,32.0,113.0,48.0,29.0,18.0,3.0,4.0,2.0,27.0,0.0,1.0,13.0,290.0,1025
3,23,QUINTANA ROO,3,CANCUN,1,BENITO JUAREZ,18,3,84.0,205.0,79.0,33.0,19.0,4.0,16.0,3.0,17.0,1.0,0.0,24.0,485.0,1709
3,23,QUINTANA ROO,3,CANCUN,1,BENITO JUAREZ,19,3,93.0,266.0,76.0,39.0,15.0,4.0,12.0,4.0,21.0,2.0,1.0,37.0,570.0,1798
3,23,QUINTANA ROO,3,CANCUN,1,BENITO JUAREZ,20,2,54.0,173.0,59.0,41.0,16.0,7.0,7.0,3.0,9.0,0.0,0.0,22.0,391.0,1146
3,23,QUINTANA ROO,3,CANCUN,1,BENITO JUAREZ,22,2,72.0,168.0,35.0,25.0,11.0,5.0,5.0,2.0,17.0,1.0,2.0,19.0,362.0,1143
3,23,QUINTANA ROO,3,CANCUN,1,BENITO JUAREZ,23,2,56.0,144.0,39.0,27.0,7.0,6.0,12.0,2.0,11.0,1.0,1.0,13.0,319.0,929
3,23,QUINTANA ROO,3,CANCUN,1,BENITO JUAREZ,24,2,61.0,244.0,61.0,32.0,22.0,5.0,13.0,4.0,21.0,1.0,1.0,25.0,490.0,1236
3,23,QUINTANA ROO,3,CANCUN,1,BENITO JUAREZ,25,2,40.0,94.0,53.0,29.0,9.0,5.0,9.0,5.0,13.0,0.0,3.0,20.0,280.0,863
3,23,QUINTANA ROO,3,CANCUN,1,BENITO JUAREZ,26,2,51.0,129.0,34.0,24.0,9.0,2.0,5.0,6.0,24.0,0.0,0.0,13.0,297.0,892
3,23,QUINTANA ROO,3,CANCUN,1,BENITO JUAREZ,27,2,59.0,145.0,62.0,23.0,9.0,3.0,5.0,3.0,26.0,1.0,0.0,15.0,351.0,1240
3,23,QUINTANA ROO,3,CANCUN,1,BENITO JUAREZ,28,2,74.0,170.0,78.0,27.0,21.0,8.0,5.0,3.0,28.0,2.0,0.0,26.0,442.0,1431
3,23,QUINTANA ROO,3,CANCUN,1,BENITO JUAREZ,29,2,55.0,145.0,54.0,26.0,8.0,1.0,11.0,5.0,15.0,2.0,0.0,15.0,337.0,1021
3,23,QUINTANA ROO,3,CANCUN,1,BENITO JUAREZ,30,2,36.0,97.0,39.0,17.0,7.0,5.0,6.0,1.0,14.0,1.0,0.0,18.0,241.0,804
3,23,QUINTANA ROO,3,CANCUN,1,BENITO JUAREZ,31,2,51.0,136.0,24.0,19.0,3.0,3.0,8.0,3.0,22.0,1.0,0.0,14.0,284.0,871
3,23,QUINTANA ROO,3,CANCUN,1,BENITO JUAREZ,32,2,63.0,158.0,38.0,24.0,12.0,5.0,9.0,1.0,14.0,0.0,0.0,12.0,336.0,1237
3,23,QUINTANA ROO,3,CANCUN,1,BENITO JUAREZ,33,2,34.0,85.0,34.0,17.0,9.0,1.0,3.0,1.0,32.0,1.0,0.0,11.0,228.0,890
3,23,QUINTANA ROO,3,CANCUN,1,BENITO JUAREZ,34,2,52.0,139.0,40.0,41.0,4.0,3.0,9.0,2.0,53.0,2.0,0.0,20.0,365.0,1123
3,23,QUINTANA ROO,3,CANCUN,1,BENITO JUAREZ,35,2,52.0,187.0,40.0,27.0,10.0,6.0,5.0,1.0,26.0,0.0,0.0,17.0,371.0,1229
3,23,QUINTANA ROO,3,CANCUN,1,BENITO JUAREZ,36,2,72.0,207.0,48.0,29.0,11.0,4.0,5.0,5.0,31.0,2.0,0.0,24.0,438.0,1452
3,23,QUINTANA ROO,3,CANCUN,1,BENITO JUAREZ,37,2,55.0,137.0,36.0,28.0,13.0,4.0,10.0,4.0,22.0,0.0,0.0,15.0,324.0,950
3,23,QUINTANA ROO,3,CANCUN,1,BENITO JUAREZ,38,2,39.0,137.0,52.0,20.0,10.0,5.0,11.0,2.0,15.0,3.0,0.0,15.0,309.0,1262
3,23,QUINTANA ROO,3,CANCUN,1,BENITO JUAREZ,39,2,41.0,87.0,59.0,18.0,3.0,4.0,4.0,0.0,10.0,1.0,0.0,2.0,229.0,857
3,23,QUINTANA ROO,3,CANCUN,1,BENITO JUAREZ,40,2,52.0,117.0,48.0,23.0,13.0,1.0,8.0,3.0,13.0,1.0,0.0,19.0,298.0,1436
3,23,QUINTANA ROO,3,CANCUN,1,BENITO JUAREZ,41,2,33.0,92.0,23.0,20.0,8.0,6.0,4.0,0.0,7.0,1.0,0.0,12.0,206.0,808
3,23,QUINTANA ROO,3,CANCUN,1,BENITO JUAREZ,42,2,53.0,110.0,42.0,11.0,9.0,6.0,5.0,0.0,12.0,1.0,0.0,16.0,265.0,880
3,23,QUINTANA ROO,3,CANCUN,1,BENITO JUAREZ,43,2,50.0,155.0,65.0,21.0,6.0,1.0,8.0,3.0,18.0,0.0,4.0,20.0,351.0,1047
3,23,QUINTANA ROO,3,CANCUN,1,BENITO JUAREZ,44,2,70.0,192.0,48.0,29.0,16.0,2.0,10.0,4.0,22.0,0.0,1.0,18.0,412.0,1472
3,23,QUINTANA ROO,3,CANCUN,1,BENITO JUAREZ,45,3,74.0,235.0,52.0,29.0,21.0,4.0,9.0,1.0,25.0,7.0,0.0,27.0,484.0,1513
3,23,QUINTANA ROO,3,CANCUN,1,BENITO JUAREZ,46,3,75.0,262.0,79.0,68.0,24.0,11.0,17.0,6.0,28.0,1.0,1.0,37.0,609.0,1670
3,23,QUINTANA ROO,3,CANCUN,1,BENITO JUAREZ,47,3,62.0,106.0,70.0,30.0,7.0,3.0,5.0,4.0,2.0,1.0,0.0,24.0,314.0,1508
3,23,QUINTANA ROO,3,CANCUN,1,BENITO JUAREZ,48,3,89.0,190.0,65.0,59.0,19.0,7.0,15.0,10.0,34.0,0.0,0.0,28.0,516.0,1531
3,23,QUINTANA ROO,3,CANCUN,1,BENITO JUAREZ,49,2,66.0,167.0,65.0,41.0,20.0,8.0,12.0,4.0,23.0,2.0,0.0,35.0,443.0,1447
3,23,QUINTANA ROO,3,CANCUN,1,BENITO JUAREZ,50,3,119.0,295.0,142.0,56.0,22.0,7.0,16.0,4.0,81.0,4.0,0.0,44.0,790.0,2115
3,23,QUINTANA ROO,3,CANCUN,1,BENITO JUAREZ,51,2,83.0,197.0,85.0,33.0,11.0,4.0,8.0,3.0,26.0,0.0,2.0,27.0,479.0,1253
3,23,QUINTANA ROO,3,CANCUN,1,BENITO JUAREZ,52,3,84.0,193.0,98.0,52.0,20.0,8.0,23.0,1.0,26.0,2.0,0.0,25.0,532.0,1580
3,23,QUINTANA ROO,3,CANCUN,1,BENITO JUAREZ,53,4,108.0,313.0,120.0,41.0,16.0,15.0,17.0,4.0,32.0,0.0,0.0,44.0,710.0,2822
3,23,QUINTANA ROO,3,CANCUN,1,BENITO JUAREZ,54,4,126.0,314.0,125.0,69.0,24.0,7.0,22.0,4.0,90.0,3.0,0.0,62.0,846.0,2810
3,23,QUINTANA ROO,3,CANCUN,1,BENITO JUAREZ,55,2,54.0,199.0,44.0,37.0,10.0,7.0,11.0,2.0,19.0,2.0,0.0,31.0,416.0,1402
3,23,QUINTANA ROO,3,CANCUN,1,BENITO JUAREZ,56,2,64.0,148.0,48.0,32.0,8.0,8.0,14.0,1.0,11.0,0.0,0.0,15.0,349.0,1176
3,23,QUINTANA ROO,3,CANCUN,1,BENITO JUAREZ,57,3,101.0,134.0,69.0,28.0,24.0,9.0,13.0,10.0,108.0,0.0,12.0,21.0,529.0,1530
3,23,QUINTANA ROO,3,CANCUN,1,BENITO JUAREZ,58,1,47.0,128.0,24.0,19.0,7.0,5.0,12.0,2.0,4.0,0.0,2.0,23.0,273.0,708
3,23,QUINTANA ROO,3,CANCUN,1,BENITO JUAREZ,59,2,112.0,116.0,22.0,41.0,25.0,9.0,15.0,16.0,6.0,1.0,3.0,28.0,394.0,1162
3,23,QUINTANA ROO,3,CANCUN,1,BENITO JUAREZ,60,3,102.0,241.0,85.0,47.0,31.0,13.0,15.0,0.0,17.0,1.0,0.0,26.0,578.0,1709
3,23,QUINTANA ROO,3,CANCUN,1,BENITO JUAREZ,61,2,43.0,175.0,49.0,29.0,13.0,5.0,16.0,1.0,28.0,0.0,3.0,13.0,375.0,1106
3,23,QUINTANA ROO,3,CANCUN,1,BENITO JUAREZ,62,2,64.0,120.0,74.0,21.0,10.0,6.0,10.0,3.0,18.0,0.0,0.0,13.0,339.0,1172
3,23,QUINTANA ROO,3,CANCUN,1,BENITO JUAREZ,63,2,49.0,114.0,36.0,21.0,11.0,4.0,7.0,4.0,24.0,0.0,0.0,12.0,282.0,1046
3,23,QUINTANA ROO,3,CANCUN,1,BENITO JUAREZ,64,2,41.0,149.0,36.0,35.0,12.0,3.0,9.0,2.0,36.0,0.0,0.0,17.0,340.0,1070
3,23,QUINTANA ROO,3,CANCUN,1,BENITO JUAREZ,65,2,75.0,143.0,52.0,32.0,18.0,6.0,11.0,4.0,17.0,3.0,0.0,23.0,384.0,1477
3,23,QUINTANA ROO,3,CANCUN,1,BENITO JUAREZ,66,2,41.0,90.0,38.0,18.0,11.0,1.0,9.0,0.0,17.0,3.0,1.0,13.0,242.0,958
3,23,QUINTANA ROO,3,CANCUN,1,BENITO JUAREZ,67,2,46.0,86.0,15.0,17.0,11.0,4.0,5.0,2.0,13.0,1.0,0.0,13.0,213.0,971
3,23,QUINTANA ROO,3,CANCUN,1,BENITO JUAREZ,68,2,56.0,116.0,36.0,18.0,12.0,3.0,3.0,1.0,8.0,1.0,0.0,15.0,269.0,1238
3,23,QUINTANA ROO,3,CANCUN,1,BENITO JUAREZ,69,2,28.0,71.0,43.0,18.0,4.0,1.0,2.0,1.0,15.0,0.0,0.0,14.0,197.0,849
3,23,QUINTANA ROO,3,CANCUN,1,BENITO JUAREZ,70,2,65.0,200.0,75.0,34.0,15.0,6.0,13.0,1.0,26.0,1.0,1.0,25.0,462.0,1162
3,23,QUINTANA ROO,3,CANCUN,1,BENITO JUAREZ,71,3,83.0,242.0,66.0,43.0,12.0,5.0,7.0,5.0,31.0,3.0,2.0,34.0,533.0,1559
3,23,QUINTANA ROO,3,CANCUN,1,BENITO JUAREZ,72,4,126.0,418.0,103.0,50.0,23.0,9.0,13.0,6.0,44.0,5.0,0.0,29.0,826.0,2373
3,23,QUINTANA ROO,3,CANCUN,1,BENITO JUAREZ,73,4,125.0,314.0,74.0,55.0,32.0,17.0,13.0,11.0,40.0,2.0,0.0,15.0,698.0,2277
3,23,QUINTANA ROO,3,CANCUN,1,BENITO JUAREZ,74,3,118.0,244.0,79.0,58.0,15.0,10.0,14.0,1.0,25.0,2.0,0.0,36.0,602.0,1704
3,23,QUINTANA ROO,3,CANCUN,1,BENITO JUAREZ,75,2,,,,,,,,,,,,,,1265
3,23,QUINTANA ROO,3,CANCUN,1,BENITO JUAREZ,76,3,169.0,205.0,59.0,62.0,27.0,13.0,23.0,9.0,32.0,2.0,5.0,56.0,662.0,1839
3,23,QUINTANA ROO,3,CANCUN,1,BENITO JUAREZ,77,2,82.0,126.0,33.0,36.0,23.0,10.0,6.0,4.0,7.0,1.0,4.0,31.0,363.0,1078
3,23,QUINTANA ROO,3,CANCUN,1,BENITO JUAREZ,78,2,76.0,183.0,24.0,34.0,13.0,3.0,16.0,5.0,4.0,0.0,1.0,38.0,397.0,1096
3,23,QUINTANA ROO,3,CANCUN,1,BENITO JUAREZ,79,2,64.0,160.0,54.0,30.0,11.0,4.0,9.0,2.0,20.0,0.0,4.0,34.0,392.0,1272
3,23,QUINTANA ROO,3,CANCUN,1,BENITO JUAREZ,80,2,54.0,138.0,51.0,21.0,13.0,2.0,7.0,3.0,31.0,0.0,1.0,11.0,332.0,975
3,23,QUINTANA ROO,3,CANCUN,1,BENITO JUAREZ,81,2,42.0,154.0,50.0,19.0,19.0,3.0,3.0,5.0,18.0,1.0,1.0,25.0,340.0,1101
3,23,QUINTANA ROO,3,CANCUN,1,BENITO JUAREZ,82,2,45.0,116.0,38.0,17.0,11.0,0.0,6.0,1.0,11.0,1.0,0.0,13.0,259.0,909
3,23,QUINTANA ROO,3,CANCUN,1,BENITO JUAREZ,83,3,49.0,142.0,62.0,32.0,22.0,6.0,6.0,1.0,16.0,2.0,0.0,16.0,354.0,1502
3,23,QUINTANA ROO,3,CANCUN,1,BENITO JUAREZ,84,2,36.0,140.0,49.0,23.0,13.0,3.0,3.0,2.0,18.0,2.0,0.0,20.0,309.0,1405
3,23,QUINTANA ROO,3,CANCUN,1,BENITO JUAREZ,85,2,51.0,126.0,20.0,24.0,16.0,2.0,8.0,1.0,8.0,0.0,1.0,15.0,272.0,1156
3,23,QUINTANA ROO,3,CANCUN,1,BENITO JUAREZ,86,2,25.0,133.0,27.0,24.0,12.0,2.0,5.0,2.0,26.0,0.0,0.0,23.0,279.0,1124
3,23,QUINTANA ROO,3,CANCUN,1,BENITO JUAREZ,87,2,37.0,79.0,41.0,22.0,16.0,3.0,5.0,2.0,16.0,1.0,0.0,15.0,237.0,922
3,23,QUINTANA ROO,3,CANCUN,1,BENITO JUAREZ,88,2,38.0,113.0,13.0,9.0,10.0,4.0,3.0,4.0,12.0,0.0,1.0,8.0,215.0,849
3,23,QUINTANA ROO,3,CANCUN,1,BENITO JUAREZ,89,1,31.0,94.0,34.0,19.0,8.0,4.0,5.0,1.0,9.0,1.0,0.0,7.0,213.0,688
3,23,QUINTANA ROO,3,CANCUN,1,BENITO JUAREZ,90,2,88.0,162.0,57.0,41.0,22.0,9.0,11.0,0.0,14.0,0.0,1.0,26.0,431.0,1377
3,23,QUINTANA ROO,3,CANCUN,1,BENITO JUAREZ,91,2,71.0,116.0,67.0,35.0,28.0,7.0,15.0,3.0,18.0,1.0,0.0,21.0,382.0,1287
3,23,QUINTANA ROO,3,CANCUN,1,BENITO JUAREZ,92,2,100.0,197.0,57.0,13.0,12.0,2.0,8.0,4.0,20.0,0.0,3.0,47.0,463.0,1249
3,23,QUINTANA ROO,3,CANCUN,1,BENITO JUAREZ,93,2,86.0,170.0,48.0,46.0,13.0,1.0,9.0,3.0,16.0,1.0,0.0,33.0,426.0,1207
3,23,QUINTANA ROO,3,CANCUN,1,BENITO JUAREZ,94,2,66.0,215.0,45.0,37.0,20.0,8.0,10.0,2.0,34.0,2.0,2.0,40.0,481.0,1324
3,23,QUINTANA ROO,3,CANCUN,1,BENITO JUAREZ,95,1,27.0,144.0,25.0,13.0,8.0,9.0,6.0,2.0,15.0,0.0,0.0,11.0,260.0,728
3,23,QUINTANA ROO,3,CANCUN,1,BENITO JUAREZ,96,2,41.0,89.0,27.0,17.0,6.0,6.0,5.0,3.0,14.0,2.0,1.0,12.0,223.0,848
3,23,QUINTANA ROO,3,CANCUN,1,BENITO JUAREZ,97,2,27.0,69.0,22.0,7.0,7.0,1.0,6.0,1.0,5.0,0.0,0.0,12.0,157.0,811
3,23,QUINTANA ROO,3,CANCUN,1,BENITO JUAREZ,98,2,57.0,93.0,53.0,25.0,11.0,2.0,11.0,2.0,14.0,0.0,1.0,15.0,284.0,982
3,23,QUINTANA ROO,3,CANCUN,1,BENITO JUAREZ,99,2,36.0,109.0,33.0,14.0,7.0,1.0,6.0,2.0,8.0,0.0,0.0,7.0,223.0,781
3,23,QUINTANA ROO,3,CANCUN,1,BENITO JUAREZ,100,2,23.0,54.0,14.0,10.0,11.0,0.0,6.0,1.0,4.0,0.0,0.0,11.0,134.0,937
3,23,QUINTANA ROO,3,CANCUN,1,BENITO JUAREZ,101,2,64.0,109.0,32.0,31.0,10.0,9.0,1.0,0.0,7.0,0.0,0.0,16.0,279.0,872
3,23,QUINTANA ROO,3,CANCUN,1,BENITO JUAREZ,102,3,164.0,221.0,63.0,65.0,25.0,11.0,18.0,11.0,15.0,2.0,4.0,56.0,655.0,1877
3,23,QUINTANA ROO,3,CANCUN,1,BENITO JUAREZ,103,1,51.0,76.0,17.0,26.0,10.0,0.0,8.0,1.0,7.0,1.0,1.0,18.0,216.0,526
3,23,QUINTANA ROO,3,CANCUN,1,BENITO JUAREZ,104,2,134.0,187.0,55.0,42.0,24.0,7.0,15.0,9.0,26.0,1.0,8.0,40.0,548.0,1295
3,23,QUINTANA ROO,3,CANCUN,1,BENITO JUAREZ,105,2,102.0,190.0,49.0,51.0,18.0,12.0,19.0,9.0,26.0,0.0,0.0,46.0,522.0,1242
3,23,QUINTANA ROO,3,CANCUN,1,BENITO JUAREZ,106,2,89.0,127.0,31.0,26.0,26.0,5.0,15.0,7.0,10.0,0.0,0.0,32.0,368.0,946
3,23,QUINTANA ROO,3,CANCUN,1,BENITO JUAREZ,107,2,33.0,98.0,29.0,12.0,5.0,6.0,3.0,4.0,21.0,0.0,0.0,9.0,220.0,1442
3,23,QUINTANA ROO,3,CANCUN,1,BENITO JUAREZ,108,2,63.0,109.0,77.0,22.0,16.0,4.0,7.0,2.0,24.0,1.0,1.0,24.0,350.0,1148
3,23,QUINTANA ROO,3,CANCUN,1,BENITO JUAREZ,109,2,61.0,182.0,50.0,29.0,15.0,7.0,8.0,5.0,24.0,0.0,0.0,32.0,413.0,1337
3,23,QUINTANA ROO,3,CANCUN,1,BENITO JUAREZ,110,2,62.0,101.0,44.0,24.0,16.0,3.0,6.0,6.0,7.0,0.0,0.0,17.0,286.0,1034
3,23,QUINTANA ROO,3,CANCUN,1,BENITO JUAREZ,111,1,39.0,80.0,15.0,8.0,16.0,4.0,8.0,3.0,7.0,0.0,1.0,8.0,189.0,592
3,23,QUINTANA ROO,3,CANCUN,1,BENITO JUAREZ,112,1,36.0,68.0,33.0,17.0,9.0,4.0,3.0,0.0,6.0,1.0,3.0,13.0,193.0,712
3,23,QUINTANA ROO,3,CANCUN,1,BENITO JUAREZ,113,2,45.0,90.0,31.0,22.0,15.0,4.0,6.0,2.0,12.0,2.0,0.0,12.0,241.0,1110
3,23,QUINTANA ROO,3,CANCUN,1,BENITO JUAREZ,114,2,24.0,80.0,12.0,10.0,3.0,3.0,3.0,1.0,11.0,0.0,1.0,9.0,157.0,755
3,23,QUINTANA ROO,3,CANCUN,1,BENITO JUAREZ,115,2,43.0,84.0,26.0,19.0,8.0,3.0,8.0,1.0,9.0,0.0,1.0,8.0,210.0,1007
3,23,QUINTANA ROO,3,CANCUN,1,BENITO JUAREZ,116,2,49.0,154.0,31.0,13.0,18.0,9.0,14.0,3.0,13.0,1.0,4.0,16.0,325.0,1041
3,23,QUINTANA ROO,3,CANCUN,1,BENITO JUAREZ,117,2,67.0,156.0,42.0,40.0,15.0,7.0,7.0,1.0,41.0,2.0,0.0,22.0,400.0,1219
3,23,QUINTANA ROO,3,CANCUN,1,BENITO JUAREZ,118,1,26.0,0.0,12.0,0.0,12.0,0.0,0.0,2.0,93.0,12.0,0.0,12.0,169.0,662
3,23,QUINTANA ROO,3,CANCUN,1,BENITO JUAREZ,119,1,61.0,57.0,17.0,13.0,6.0,0.0,2.0,7.0,1.0,0.0,1.0,31.0,196.0,542
3,23,QUINTANA ROO,3,CANCUN,1,BENITO JUAREZ,120,2,58.0,115.0,23.0,20.0,19.0,4.0,8.0,1.0,12.0,1.0,1.0,27.0,289.0,964
3,23,QUINTANA ROO,3,CANCUN,1,BENITO JUAREZ,121,2,60.0,99.0,28.0,28.0,9.0,1.0,1.0,3.0,9.0,0.0,1.0,26.0,265.0,848
3,23,QUINTANA ROO,3,CANCUN,1,BENITO JUAREZ,122,1,75.0,101.0,20.0,18.0,11.0,5.0,11.0,11.0,13.0,0.0,0.0,24.0,289.0,737
3,23,QUINTANA ROO,3,CANCUN,1,BENITO JUAREZ,123,2,84.0,103.0,16.0,28.0,13.0,5.0,5.0,1.0,3.0,0.0,1.0,35.0,294.0,771
3,23,QUINTANA ROO,3,CANCUN,1,BENITO JUAREZ,124,2,75.0,102.0,28.0,38.0,24.0,5.0,6.0,6.0,3.0,1.0,2.0,36.0,326.0,963
3,23,QUINTANA ROO,3,CANCUN,1,BENITO JUAREZ,125,2,79.0,172.0,38.0,21.0,18.0,8.0,4.0,1.0,12.0,2.0,0.0,44.0,399.0,953
3,23,QUINTANA ROO,3,CANCUN,1,BENITO JUAREZ,126,6,424.0,356.0,128.0,104.0,53.0,20.0,48.0,26.0,133.0,14.0,8.0,147.0,1461.0,4193
3,23,QUINTANA ROO,3,CANCUN,1,BENITO JUAREZ,127,4,157.0,354.0,130.0,65.0,35.0,10.0,16.0,9.0,36.0,2.0,1.0,47.0,862.0,2297
3,23,QUINTANA ROO,3,CANCUN,1,BENITO JUAREZ,128,2,136.0,139.0,41.0,43.0,14.0,10.0,15.0,11.0,5.0,2.0,2.0,41.0,459.0,1315
3,23,QUINTANA ROO,3,CANCUN,1,BENITO JUAREZ,129,1,58.0,35.0,10.0,11.0,4.0,1.0,7.0,3.0,2.0,0.0,0.0,19.0,150.0,453
3,23,QUINTANA ROO,3,CANCUN,1,BENITO JUAREZ,130,1,70.0,54.0,14.0,24.0,10.0,2.0,3.0,9.0,6.0,1.0,2.0,32.0,227.0,640
3,23,QUINTANA ROO,3,CANCUN,1,BENITO JUAREZ,131,2,52.0,150.0,30.0,34.0,8.0,5.0,8.0,4.0,12.0,1.0,3.0,20.0,327.0,915
3,23,QUINTANA ROO,3,CANCUN,1,BENITO JUAREZ,132,2,75.0,97.0,34.0,27.0,13.0,5.0,8.0,4.0,16.0,1.0,0.0,28.0,308.0,825
3,23,QUINTANA ROO,3,CANCUN,1,BENITO JUAREZ,133,2,93.0,137.0,38.0,19.0,8.0,9.0,11.0,6.0,8.0,2.0,1.0,31.0,363.0,1104
3,23,QUINTANA ROO,3,CANCUN,1,BENITO JUAREZ,134,2,62.0,115.0,25.0,21.0,13.0,2.0,12.0,3.0,8.0,1.0,0.0,30.0,292.0,865
3,23,QUINTANA ROO,3,CANCUN,1,BENITO JUAREZ,135,2,67.0,93.0,24.0,17.0,11.0,4.0,11.0,1.0,10.0,2.0,1.0,29.0,270.0,875
3,23,QUINTANA ROO,3,CANCUN,1,BENITO JUAREZ,136,2,66.0,72.0,15.0,26.0,9.0,4.0,7.0,11.0,6.0,1.0,1.0,30.0,248.0,632
3,23,QUINTANA ROO,3,CANCUN,1,BENITO JUAREZ,137,4,123.0,113.0,27.0,22.0,15.0,4.0,7.0,7.0,12.0,5.0,4.0,45.0,384.0,729
3,23,QUINTANA ROO,3,CANCUN,1,BENITO JUAREZ,138,1,66.0,105.0,24.0,31.0,7.0,5.0,6.0,1.0,3.0,1.0,0.0,28.0,277.0,741
3,23,QUINTANA ROO,3,CANCUN,1,BENITO JUAREZ,139,2,61.0,102.0,20.0,12.0,11.0,5.0,8.0,6.0,18.0,3.0,0.0,19.0,265.0,794
3,23,QUINTANA ROO,3,CANCUN,1,BENITO JUAREZ,140,1,72.0,65.0,12.0,19.0,6.0,4.0,0.0,6.0,10.0,0.0,1.0,33.0,228.0,616
3,23,QUINTANA ROO,3,CANCUN,1,BENITO JUAREZ,141,1,58.0,60.0,23.0,26.0,11.0,7.0,8.0,0.0,10.0,1.0,1.0,23.0,228.0,746
3,23,QUINTANA ROO,3,CANCUN,1,BENITO JUAREZ,142,2,80.0,91.0,19.0,11.0,14.0,6.0,3.0,3.0,1.0,0.0,1.0,40.0,269.0,775
3,23,QUINTANA ROO,3,CANCUN,1,BENITO JUAREZ,143,2,62.0,73.0,29.0,19.0,12.0,6.0,13.0,10.0,2.0,1.0,1.0,28.0,256.0,807
3,23,QUINTANA ROO,3,CANCUN,1,BENITO JUAREZ,144,3,104.0,70.0,21.0,19.0,16.0,3.0,6.0,5.0,2.0,1.0,1.0,40.0,288.0,901
3,23,QUINTANA ROO,3,CANCUN,1,BENITO JUAREZ,145,1,57.0,80.0,15.0,19.0,9.0,3.0,8.0,2.0,2.0,1.0,4.0,32.0,232.0,679
3,23,QUINTANA ROO,3,CANCUN,1,BENITO JUAREZ,146,5,536.0,331.0,91.0,100.0,21.0,15.0,32.0,20.0,8.0,0.0,16.0,157.0,1327.0,3590
3,23,QUINTANA ROO,3,CANCUN,1,BENITO JUAREZ,147,9,738.0,620.0,148.0,204.0,53.0,31.0,61.0,36.0,28.0,2.0,17.0,259.0,2197.0,6168
3,23,QUINTANA ROO,3,CANCUN,1,BENITO JUAREZ,148,2,72.0,189.0,49.0,39.0,11.0,11.0,12.0,2.0,22.0,2.0,2.0,25.0,436.0,1356
3,23,QUINTANA ROO,3,CANCUN,1,BENITO JUAREZ,149,3,99.0,159.0,35.0,74.0,13.0,5.0,19.0,4.0,13.0,1.0,1.0,34.0,457.0,1771
3,23,QUINTANA ROO,3,CANCUN,1,BENITO JUAREZ,151,7,399.0,441.0,111.0,159.0,39.0,14.0,38.0,23.0,40.0,4.0,2.0,123.0,1393.0,4087
3,23,QUINTANA ROO,3,CANCUN,1,BENITO JUAREZ,152,3,91.0,234.0,110.0,48.0,20.0,5.0,10.0,3.0,125.0,10.0,2.0,24.0,682.0,1705
3,23,QUINTANA ROO,3,CANCUN,1,BENITO JUAREZ,153,3,80.0,300.0,88.0,39.0,31.0,4.0,9.0,7.0,16.0,1.0,0.0,28.0,603.0,1503
3,23,QUINTANA ROO,3,CANCUN,1,BENITO JUAREZ,155,2,80.0,179.0,66.0,40.0,9.0,3.0,5.0,1.0,18.0,1.0,0.0,34.0,436.0,1307
3,23,QUINTANA ROO,3,CANCUN,1,BENITO JUAREZ,156,2,79.0,162.0,55.0,43.0,19.0,4.0,12.0,8.0,36.0,0.0,0.0,45.0,463.0,1430
3,23,QUINTANA ROO,3,CANCUN,1,BENITO JUAREZ,157,2,60.0,176.0,48.0,44.0,19.0,6.0,13.0,2.0,16.0,0.0,3.0,38.0,425.0,1375
3,23,QUINTANA ROO,3,CANCUN,1,BENITO JUAREZ,158,2,75.0,178.0,43.0,84.0,13.0,5.0,11.0,3.0,17.0,0.0,0.0,33.0,462.0,1202
3,23,QUINTANA ROO,3,CANCUN,1,BENITO JUAREZ,159,2,75.0,210.0,52.0,30.0,10.0,8.0,10.0,2.0,47.0,0.0,0.0,31.0,475.0,1450
3,23,QUINTANA ROO,3,CANCUN,1,BENITO JUAREZ,161,4,312.0,223.0,58.0,77.0,20.0,10.0,23.0,24.0,11.0,4.0,10.0,136.0,908.0,2411
3,23,QUINTANA ROO,3,CANCUN,1,BENITO JUAREZ,162,1,71.0,40.0,12.0,22.0,8.0,4.0,3.0,4.0,2.0,0.0,2.0,15.0,183.0,514
3,23,QUINTANA ROO,3,CANCUN,1,BENITO JUAREZ,163,4,123.0,275.0,98.0,68.0,21.0,8.0,18.0,6.0,31.0,3.0,1.0,45.0,697.0,2304
3,23,QUINTANA ROO,3,CANCUN,1,BENITO JUAREZ,164,6,296.0,522.0,153.0,130.0,45.0,23.0,35.0,23.0,38.0,1.0,3.0,98.0,1367.0,4025
3,23,QUINTANA ROO,3,CANCUN,1,BENITO JUAREZ,165,2,75.0,186.0,49.0,43.0,6.0,0.0,3.0,3.0,37.0,1.0,0.0,19.0,422.0,1102
3,23,QUINTANA ROO,3,CANCUN,1,BENITO JUAREZ,166,4,181.0,398.0,85.0,86.0,29.0,6.0,43.0,6.0,62.0,1.0,2.0,63.0,962.0,2837
3,23,QUINTANA ROO,3,CANCUN,1,BENITO JUAREZ,167,3,77.0,206.0,73.0,46.0,5.0,5.0,9.0,2.0,30.0,0.0,0.0,30.0,483.0,1522
3,23,QUINTANA ROO,3,CANCUN,1,BENITO JUAREZ,168,7,381.0,647.0,177.0,157.0,56.0,21.0,65.0,26.0,61.0,2.0,9.0,149.0,1751.0,5062
3,23,QUINTANA ROO,3,CANCUN,1,BENITO JUAREZ,169,2,95.0,82.0,10.0,11.0,2.0,0.0,6.0,3.0,4.0,0.0,2.0,26.0,241.0,779
3,23,QUINTANA ROO,3,CANCUN,1,BENITO JUAREZ,170,3,173.0,149.0,27.0,48.0,13.0,5.0,6.0,6.0,1.0,0.0,0.0,75.0,503.0,1791
3,23,QUINTANA ROO,3,CANCUN,1,BENITO JUAREZ,173,4,98.0,467.0,107.0,45.0,38.0,8.0,17.0,4.0,15.0,2.0,0.0,38.0,839.0,2731
3,23,QUINTANA ROO,3,CANCUN,1,BENITO JUAREZ,174,3,82.0,372.0,66.0,50.0,25.0,9.0,8.0,3.0,19.0,0.0,0.0,45.0,679.0,2120
3,23,QUINTANA ROO,3,CANCUN,1,BENITO JUAREZ,175,7,277.0,718.0,127.0,89.0,37.0,18.0,36.0,17.0,24.0,3.0,4.0,121.0,1471.0,4685
3,23,QUINTANA ROO,3,CANCUN,1,BENITO JUAREZ,642,2,61.0,50.0,18.0,41.0,6.0,3.0,8.0,11.0,5.0,1.0,3.0,31.0,238.0,781
3,23,QUINTANA ROO,3,CANCUN,1,BENITO JUAREZ,643,1,26.0,90.0,20.0,17.0,5.0,1.0,3.0,5.0,10.0,0.0,0.0,17.0,194.0,675
3,23,QUINTANA ROO,3,CANCUN,1,BENITO JUAREZ,644,1,50.0,88.0,22.0,23.0,13.0,3.0,8.0,3.0,10.0,1.0,1.0,25.0,247.0,713
3,23,QUINTANA ROO,3,CANCUN,1,BENITO JUAREZ,645,1,24.0,69.0,26.0,25.0,8.0,3.0,9.0,4.0,13.0,2.0,1.0,9.0,193.0,740
3,23,QUINTANA ROO,3,CANCUN,1,BENITO JUAREZ,646,1,33.0,71.0,10.0,14.0,9.0,2.0,3.0,1.0,7.0,1.0,0.0,17.0,168.0,538
3,23,QUINTANA ROO,3,CANCUN,1,BENITO JUAREZ,647,1,95.0,60.0,18.0,21.0,6.0,4.0,11.0,4.0,4.0,1.0,1.0,40.0,265.0,735
3,23,QUINTANA ROO,3,CANCUN,1,BENITO JUAREZ,648,1,65.0,47.0,14.0,21.0,12.0,2.0,11.0,3.0,2.0,0.0,3.0,29.0,209.0,670
3,23,QUINTANA ROO,3,CANCUN,1,BENITO JUAREZ,649,1,43.0,72.0,20.0,14.0,2.0,4.0,7.0,4.0,4.0,0.0,2.0,22.0,194.0,570
3,23,QUINTANA ROO,3,CANCUN,1,BENITO JUAREZ,650,1,86.0,55.0,23.0,22.0,3.0,6.0,5.0,3.0,5.0,0.0,2.0,25.0,235.0,585
3,23,QUINTANA ROO,3,CANCUN,1,BENITO JUAREZ,651,1,36.0,26.0,7.0,7.0,0.0,0.0,4.0,1.0,3.0,0.0,0.0,8.0,92.0,218
3,23,QUINTANA ROO,3,CANCUN,1,BENITO JUAREZ,652,1,84.0,58.0,22.0,24.0,10.0,4.0,16.0,2.0,8.0,0.0,0.0,30.0,258.0,700
3,23,QUINTANA ROO,3,CANCUN,1,BENITO JUAREZ,653,2,85.0,116.0,35.0,40.0,10.0,3.0,13.0,3.0,6.0,0.0,2.0,31.0,344.0,1044
3,23,QUINTANA ROO,3,CANCUN,1,BENITO JUAREZ,654,1,43.0,92.0,18.0,22.0,7.0,3.0,7.0,1.0,19.0,0.0,0.0,23.0,235.0,595
3,23,QUINTANA ROO,3,CANCUN,1,BENITO JUAREZ,655,1,55.0,87.0,26.0,25.0,13.0,2.0,14.0,4.0,14.0,0.0,1.0,21.0,262.0,715
3,23,QUINTANA ROO,3,CANCUN,1,BENITO JUAREZ,656,1,23.0,88.0,15.0,10.0,8.0,1.0,13.0,6.0,5.0,1.0,0.0,10.0,180.0,416
3,23,QUINTANA ROO,3,CANCUN,1,BENITO JUAREZ,657,1,36.0,32.0,9.0,18.0,3.0,1.0,6.0,1.0,5.0,1.0,0.0,14.0,126.0,405
3,23,QUINTANA ROO,3,CANCUN,1,BENITO JUAREZ,658,1,96.0,81.0,10.0,33.0,9.0,6.0,14.0,14.0,2.0,0.0,1.0,30.0,296.0,712
3,23,QUINTANA ROO,3,CANCUN,1,BENITO JUAREZ,659,1,98.0,29.0,14.0,24.0,6.0,3.0,2.0,2.0,2.0,0.0,0.0,39.0,219.0,543
3,23,QUINTANA ROO,3,CANCUN,1,BENITO JUAREZ,660,2,88.0,70.0,21.0,37.0,9.0,4.0,11.0,9.0,5.0,0.0,2.0,45.0,301.0,803
3,23,QUINTANA ROO,3,CANCUN,1,BENITO JUAREZ,661,1,103.0,65.0,17.0,35.0,2.0,3.0,5.0,4.0,5.0,0.0,1.0,36.0,276.0,726
3,23,QUINTANA ROO,3,CANCUN,1,BENITO JUAREZ,662,1,130.0,70.0,20.0,27.0,5.0,3.0,11.0,11.0,3.0,1.0,0.0,33.0,314.0,740
3,23,QUINTANA ROO,3,CANCUN,1,BENITO JUAREZ,663,2,87.0,91.0,24.0,34.0,13.0,5.0,15.0,3.0,9.0,0.0,1.0,37.0,319.0,790
3,23,QUINTANA ROO,3,CANCUN,1,BENITO JUAREZ,664,1,86.0,59.0,13.0,21.0,5.0,1.0,12.0,5.0,2.0,0.0,0.0,33.0,237.0,564
3,23,QUINTANA ROO,3,CANCUN,1,BENITO JUAREZ,665,1,56.0,53.0,15.0,23.0,4.0,6.0,7.0,5.0,5.0,1.0,1.0,25.0,201.0,503
3,23,QUINTANA ROO,3,CANCUN,1,BENITO JUAREZ,666,1,42.0,28.0,14.0,12.0,2.0,0.0,4.0,3.0,2.0,0.0,2.0,13.0,122.0,264
3,23,QUINTANA ROO,3,CANCUN,1,BENITO JUAREZ,667,1,94.0,61.0,26.0,26.0,7.0,3.0,5.0,6.0,6.0,0.0,0.0,29.0,263.0,697
